,profile_name,url_profile
0,100009705225142,https://www.facebook.com/profile.php?id=100009705225142&fref=pb&hc_location=friends_tab
1,smax90,https://www.facebook.com/smax90?fref=pb&hc_location=friends_tab
2,aymen.hacheni.3,https://www.facebook.com/aymen.hacheni.3?fref=pb&hc_location=friends_tab
3,medini.ahmed.10,https://www.facebook.com/medini.ahmed.10?fref=pb&hc_location=friends_tab
4,samir.maklouf,https://www.facebook.com/samir.maklouf?fref=pb&hc_location=friends_tab
5,kamel.benissa.3,https://www.facebook.com/kamel.benissa.3?fref=pb&hc_location=friends_tab
6,100040566999724,https://www.facebook.com/profile.php?id=100040566999724&fref=pb&hc_location=friends_tab
7,100040313242565,https://www.facebook.com/profile.php?id=100040313242565&fref=pb&hc_location=friends_tab
8,malik.ayazawan.52,https://www.facebook.com/malik.ayazawan.52?fref=pb&hc_location=friends_tab
9,saleh.yahya.908347,https://www.facebook.com/saleh.yahya.908347?fref=pb&hc_location=friends_tab
10,adrianna.leonard.5454,https://www.facebook.com/adrianna.leonard.5454?fref=pb&hc_location=friends_tab
11,100030979452671,https://www.facebook.com/profile.php?id=100030979452671&fref=pb&hc_location=friends_tab
12,slimen.bossndel.9,https://www.facebook.com/slimen.bossndel.9?fref=pb&hc_location=friends_tab
13,100018953440065,https://www.facebook.com/profile.php?id=100018953440065&fref=pb&hc_location=friends_tab
14,ridha.abdessatar,https://www.facebook.com/ridha.abdessatar?fref=pb&hc_location=friends_tab
15,becem.toora,https://www.facebook.com/becem.toora?fref=pb&hc_location=friends_tab
16,100010973235935,https://www.facebook.com/profile.php?id=100010973235935&fref=pb&hc_location=friends_tab
17,jamel.hachani.7,https://www.facebook.com/jamel.hachani.7?fref=pb&hc_location=friends_tab
18,100009509135035,https://www.facebook.com/profile.php?id=100009509135035&fref=pb&hc_location=friends_tab
19,zaib.chandio.1,https://www.facebook.com/zaib.chandio.1?fref=pb&hc_location=friends_tab
60,amine.shili.391,https://www.facebook.com/amine.shili.391?fref=pb&hc_location=friends_tab
61,walid.akriche.1,https://www.facebook.com/walid.akriche.1?fref=pb&hc_location=friends_tab
62,safouane.jeljeli,https://www.facebook.com/safouane.jeljeli?fref=pb&hc_location=friends_tab
63,walid.bengara.1,https://www.facebook.com/walid.bengara.1?fref=pb&hc_location=friends_tab
64,aymen.hlel.315,https://www.facebook.com/aymen.hlel.315?fref=pb&hc_location=friends_tab
65,misterbech,https://www.facebook.com/misterbech?fref=pb&hc_location=friends_tab
66,Do2ou,https://www.facebook.com/Do2ou?fref=pb&hc_location=friends_tab
67,100009170633492,https://www.facebook.com/profile.php?id=100009170633492&fref=pb&hc_location=friends_tab
68,mohamedhamadi.hachani,https://www.facebook.com/mohamedhamadi.hachani?fref=pb&hc_location=friends_tab
69,tagorti.nada,https://www.facebook.com/tagorti.nada?fref=pb&hc_location=friends_tab
70,ahmed.jonathan.5,https://www.facebook.com/ahmed.jonathan.5?fref=pb&hc_location=friends_tab
71,mounir.hafaidhia,https://www.facebook.com/mounir.hafaidhia?fref=pb&hc_location=friends_tab
72,wahiba.bourbia,https://www.facebook.com/wahiba.bourbia?fref=pb&hc_location=friends_tab
73,mohamedsalah.boussandel.7,https://www.facebook.com/mohamedsalah.boussandel.7?fref=pb&hc_location=friends_tab
74,riad.amigo,https://www.facebook.com/riad.amigo?fref=pb&hc_location=friends_tab
75,marwen.khlifi.334,https://www.facebook.com/marwen.khlifi.334?fref=pb&hc_location=friends_tab
76,mohamed.maysembnz,https://www.facebook.com/mohamed.maysembnz?fref=pb&hc_location=friends_tab
77,ahmed.elkamel.359,https://www.facebook.com/ahmed.elkamel.359?fref=pb&hc_location=friends_tab
78,gbnoriss.montano,https://www.facebook.com/gbnoriss.montano?fref=pb&hc_location=friends_tab
79,saber.khlifa.923,https://www.facebook.com/saber.khlifa.923?fref=pb&hc_location=friends_tab
120,hedi.saadi.31924,https://www.facebook.com/hedi.saadi.31924?fref=pb&hc_location=friends_tab
121,mostari.cabiste.1,https://www.facebook.com/mostari.cabiste.1?fref=pb&hc_location=friends_tab
122,100040008411914,https://www.facebook.com/profile.php?id=100040008411914&fref=pb&hc_location=friends_tab
123,kiko.akriche,https://www.facebook.com/kiko.akriche?fref=pb&hc_location=friends_tab
124,mohamed.karoubi.58,https://www.facebook.com/mohamed.karoubi.58?fref=pb&hc_location=friends_tab
125,100039497730910,https://www.facebook.com/profile.php?id=100039497730910&fref=pb&hc_location=friends_tab
126,marwen.tounsi.7355,https://www.facebook.com/marwen.tounsi.7355?fref=pb&hc_location=friends_tab
127,mahboul.taraji.77964201,https://www.facebook.com/mahboul.taraji.77964201?fref=pb&hc_location=friends_tab
128,ayoubca.rahal,https://www.facebook.com/ayoubca.rahal?fref=pb&hc_location=friends_tab
129,100039195100487,https://www.facebook.com/profile.php?id=100039195100487&fref=pb&hc_location=friends_tab
130,thomas.dvl.50,https://www.facebook.com/thomas.dvl.50?fref=pb&hc_location=friends_tab
131,nader.nadoo.353,https://www.facebook.com/nader.nadoo.353?fref=pb&hc_location=friends_tab
132,khalil.mouj,https://www.facebook.com/khalil.mouj?fref=pb&hc_location=friends_tab
133,housin.ishak,https://www.facebook.com/housin.ishak?fref=pb&hc_location=friends_tab
134,100038924884452,https://www.facebook.com/profile.php?id=100038924884452&fref=pb&hc_location=friends_tab
135,mohamed.bahrini.526,https://www.facebook.com/mohamed.bahrini.526?fref=pb&hc_location=friends_tab
136,stoura.abdstar,https://www.facebook.com/stoura.abdstar?fref=pb&hc_location=friends_tab
137,100037766073791,https://www.facebook.com/profile.php?id=100037766073791&fref=pb&hc_location=friends_tab
138,bipen.khadka.75,https://www.facebook.com/bipen.khadka.75?fref=pb&hc_location=friends_tab
139,100037468250361,https://www.facebook.com/profile.php?id=100037468250361&fref=pb&hc_location=friends_tab
200,saidani.bilel.549,https://www.facebook.com/saidani.bilel.549?fref=pb&hc_location=friends_tab
201,100036810404049,https://www.facebook.com/profile.php?id=100036810404049&fref=pb&hc_location=friends_tab
202,khalil.jebali.330,https://www.facebook.com/khalil.jebali.330?fref=pb&hc_location=friends_tab
203,ibrahim.missaoui.372,https://www.facebook.com/ibrahim.missaoui.372?fref=pb&hc_location=friends_tab
204,adem.mnassri.7796,https://www.facebook.com/adem.mnassri.7796?fref=pb&hc_location=friends_tab
205,oussema.ghanmi.545,https://www.facebook.com/oussema.ghanmi.545?fref=pb&hc_location=friends_tab
206,100035327010909,https://www.facebook.com/profile.php?id=100035327010909&fref=pb&hc_location=friends_tab
207,ahmad.binhassin,https://www.facebook.com/ahmad.binhassin?fref=pb&hc_location=friends_tab
208,mahdi.cabiste.92,https://www.facebook.com/mahdi.cabiste.92?fref=pb&hc_location=friends_tab
209,100034933116275,https://www.facebook.com/profile.php?id=100034933116275&fref=pb&hc_location=friends_tab
210,tayger.az,https://www.facebook.com/tayger.az?fref=pb&hc_location=friends_tab
211,100034582374276,https://www.facebook.com/profile.php?id=100034582374276&fref=pb&hc_location=friends_tab
212,ad.ik.37853,https://www.facebook.com/ad.ik.37853?fref=pb&hc_location=friends_tab
213,100033755752466,https://www.facebook.com/profile.php?id=100033755752466&fref=pb&hc_location=friends_tab
214,imed.maalaoui.96,https://www.facebook.com/imed.maalaoui.96?fref=pb&hc_location=friends_tab
215,hedi.commerce.1,https://www.facebook.com/hedi.commerce.1?fref=pb&hc_location=friends_tab
216,100033324019396,https://www.facebook.com/profile.php?id=100033324019396&fref=pb&hc_location=friends_tab
217,attayar.courantdemocratemateur,https://www.facebook.com/attayar.courantdemocratemateur?fref=pb&hc_location=friends_tab
218,amine.bizertino.9889,https://www.facebook.com/amine.bizertino.9889?fref=pb&hc_location=friends_tab
219,100029313127306,https://www.facebook.com/profile.php?id=100029313127306&fref=pb&hc_location=friends_tab
300,kd.sk.7549,https://www.facebook.com/kd.sk.7549?fref=pb&hc_location=friends_tab
301,salmen.makedi,https://www.facebook.com/salmen.makedi?fref=pb&hc_location=friends_tab
302,beligh.hamdi.524,https://www.facebook.com/beligh.hamdi.524?fref=pb&hc_location=friends_tab
303,ali.benmhamed.754,https://www.facebook.com/ali.benmhamed.754?fref=pb&hc_location=friends_tab
304,salim.jouini.756,https://www.facebook.com/salim.jouini.756?fref=pb&hc_location=friends_tab
305,adel.radhouani.71,https://www.facebook.com/adel.radhouani.71?fref=pb&hc_location=friends_tab
306,bilel.cab.399,https://www.facebook.com/bilel.cab.399?fref=pb&hc_location=friends_tab
307,troudi.bassem.1,https://www.facebook.com/troudi.bassem.1?fref=pb&hc_location=friends_tab
308,amin.benyeder.52,https://www.facebook.com/amin.benyeder.52?fref=pb&hc_location=friends_tab
309,gameur.imed,https://www.facebook.com/gameur.imed?fref=pb&hc_location=friends_tab
310,oomar.ajjabi,https://www.facebook.com/oomar.ajjabi?fref=pb&hc_location=friends_tab
311,saidanifaiycel.saidani.5,https://www.facebook.com/saidanifaiycel.saidani.5?fref=pb&hc_location=friends_tab
312,amine.njehi.90,https://www.facebook.com/amine.njehi.90?fref=pb&hc_location=friends_tab
313,anis.mezrigui.798,https://www.facebook.com/anis.mezrigui.798?fref=pb&hc_location=friends_tab
314,khalifum00,https://www.facebook.com/khalifum00?fref=pb&hc_location=friends_tab
315,majdi.dridi.12914,https://www.facebook.com/majdi.dridi.12914?fref=pb&hc_location=friends_tab
316,100023110847107,https://www.facebook.com/profile.php?id=100023110847107&fref=pb&hc_location=friends_tab
317,haykel.benfaiza.3,https://www.facebook.com/haykel.benfaiza.3?fref=pb&hc_location=friends_tab
318,slouma.dunord.3,https://www.facebook.com/slouma.dunord.3?fref=pb&hc_location=friends_tab
319,bassem.mefteh.1,https://www.facebook.com/bassem.mefteh.1?fref=pb&hc_location=friends_tab
420,hamdy.gaston,https://www.facebook.com/hamdy.gaston?fref=pb&hc_location=friends_tab
421,gazi.hacheni.5,https://www.facebook.com/gazi.hacheni.5?fref=pb&hc_location=friends_tab
422,wylix.camerlo.10,https://www.facebook.com/wylix.camerlo.10?fref=pb&hc_location=friends_tab
423,abdelaziz.bejaoui.90,https://www.facebook.com/abdelaziz.bejaoui.90?fref=pb&hc_location=friends_tab
424,hatem.bejaoui.754,https://www.facebook.com/hatem.bejaoui.754?fref=pb&hc_location=friends_tab
425,mohamed.homrani.52,https://www.facebook.com/mohamed.homrani.52?fref=pb&hc_location=friends_tab
426,ghazi.gharbi.9,https://www.facebook.com/ghazi.gharbi.9?fref=pb&hc_location=friends_tab
427,sami.tlili.127201,https://www.facebook.com/sami.tlili.127201?fref=pb&hc_location=friends_tab
428,zied.arbi.5249,https://www.facebook.com/zied.arbi.5249?fref=pb&hc_location=friends_tab
429,nassim.zouaghi.3,https://www.facebook.com/nassim.zouaghi.3?fref=pb&hc_location=friends_tab
430,abdelhalimhafedh.maatallah,https://www.facebook.com/abdelhalimhafedh.maatallah?fref=pb&hc_location=friends_tab
431,houssem.catayari,https://www.facebook.com/houssem.catayari?fref=pb&hc_location=friends_tab
432,djo.had,https://www.facebook.com/djo.had?fref=pb&hc_location=friends_tab
433,oussama.mechergui.90,https://www.facebook.com/oussama.mechergui.90?fref=pb&hc_location=friends_tab
434,amine.maklouf.5,https://www.facebook.com/amine.maklouf.5?fref=pb&hc_location=friends_tab
435,100011332998618,https://www.facebook.com/profile.php?id=100011332998618&fref=pb&hc_location=friends_tab
436,100011154904928,https://www.facebook.com/profile.php?id=100011154904928&fref=pb&hc_location=friends_tab
437,nidhal.bjewi.7,https://www.facebook.com/nidhal.bjewi.7?fref=pb&hc_location=friends_tab
438,mohamed.binhassin,https://www.facebook.com/mohamed.binhassin?fref=pb&hc_location=friends_tab
439,boussandel.boussandel.3,https://www.facebook.com/boussandel.boussandel.3?fref=pb&hc_location=friends_tab
560,100009653401226,https://www.facebook.com/profile.php?id=100009653401226&fref=pb&hc_location=friends_tab
561,rahmenidridi,https://www.facebook.com/rahmenidridi?fref=pb&hc_location=friends_tab
562,100009289250892,https://www.facebook.com/profile.php?id=100009289250892&fref=pb&hc_location=friends_tab
563,bechir.garali.39,https://www.facebook.com/bechir.garali.39?fref=pb&hc_location=friends_tab
564,100009111624595,https://www.facebook.com/profile.php?id=100009111624595&fref=pb&hc_location=friends_tab
565,100009063402728,https://www.facebook.com/profile.php?id=100009063402728&fref=pb&hc_location=friends_tab
566,100008474688595,https://www.facebook.com/profile.php?id=100008474688595&fref=pb&hc_location=friends_tab
567,fares.cabiste.9,https://www.facebook.com/fares.cabiste.9?fref=pb&hc_location=friends_tab
568,100008367966914,https://www.facebook.com/profile.php?id=100008367966914&fref=pb&hc_location=friends_tab
569,100007976626478,https://www.facebook.com/profile.php?id=100007976626478&fref=pb&hc_location=friends_tab
570,mmimousa,https://www.facebook.com/mmimousa?fref=pb&hc_location=friends_tab
571,100007864426267,https://www.facebook.com/profile.php?id=100007864426267&fref=pb&hc_location=friends_tab
572,zou.shak,https://www.facebook.com/zou.shak?fref=pb&hc_location=friends_tab
573,100007556143745,https://www.facebook.com/profile.php?id=100007556143745&fref=pb&hc_location=friends_tab
574,bilel.dol.1,https://www.facebook.com/bilel.dol.1?fref=pb&hc_location=friends_tab
575,100006939675695,https://www.facebook.com/profile.php?id=100006939675695&fref=pb&hc_location=friends_tab
576,100006262367332,https://www.facebook.com/profile.php?id=100006262367332&fref=pb&hc_location=friends_tab
577,nizar.hamdi.3975,https://www.facebook.com/nizar.hamdi.3975?fref=pb&hc_location=friends_tab
578,100005606107032,https://www.facebook.com/profile.php?id=100005606107032&fref=pb&hc_location=friends_tab
579,100005014038963,https://www.facebook.com/profile.php?id=100005014038963&fref=pb&hc_location=friends_tab
720,maher.bourbia.9,https://www.facebook.com/maher.bourbia.9?fref=pb&hc_location=friends_tab
721,anas.dridi.5876,https://www.facebook.com/anas.dridi.5876?fref=pb&hc_location=friends_tab
722,adem.dridi.524,https://www.facebook.com/adem.dridi.524?fref=pb&hc_location=friends_tab
723,amin.dridi.5667,https://www.facebook.com/amin.dridi.5667?fref=pb&hc_location=friends_tab
724,afif.maalaoui,https://www.facebook.com/afif.maalaoui?fref=pb&hc_location=friends_tab
725,midou.titoo3,https://www.facebook.com/midou.titoo3?fref=pb&hc_location=friends_tab
726,bibo.binba,https://www.facebook.com/bibo.binba?fref=pb&hc_location=friends_tab
727,walid.benhoula,https://www.facebook.com/walid.benhoula?fref=pb&hc_location=friends_tab
728,salim.shaiek,https://www.facebook.com/salim.shaiek?fref=pb&hc_location=friends_tab
729,marwen.lweti,https://www.facebook.com/marwen.lweti?fref=pb&hc_location=friends_tab
730,hichri.haythem,https://www.facebook.com/hichri.haythem?fref=pb&hc_location=friends_tab
731,yosri.shaiek,https://www.facebook.com/yosri.shaiek?fref=pb&hc_location=friends_tab
732,mohammed.hamrouni.3,https://www.facebook.com/mohammed.hamrouni.3?fref=pb&hc_location=friends_tab
733,iteb.garali,https://www.facebook.com/iteb.garali?fref=pb&hc_location=friends_tab
734,abdallah.wakkad.1,https://www.facebook.com/abdallah.wakkad.1?fref=pb&hc_location=friends_tab
735,laroussi.jelassi,https://www.facebook.com/laroussi.jelassi?fref=pb&hc_location=friends_tab
736,jaleleddine.maklouf,https://www.facebook.com/jaleleddine.maklouf?fref=pb&hc_location=friends_tab
737,hichem.tayachi.1,https://www.facebook.com/hichem.tayachi.1?fref=pb&hc_location=friends_tab
738,hajrim1,https://www.facebook.com/hajrim1?fref=pb&hc_location=friends_tab
739,medali.hammami.98,https://www.facebook.com/medali.hammami.98?fref=pb&hc_location=friends_tab
900,jalel.maalaoui,https://www.facebook.com/jalel.maalaoui?fref=pb&hc_location=friends_tab
901,aymen.abdessatar,https://www.facebook.com/aymen.abdessatar?fref=pb&hc_location=friends_tab
902,mahjoubdrogba.barrouka,https://www.facebook.com/mahjoubdrogba.barrouka?fref=pb&hc_location=friends_tab
903,boujemaa.habib,https://www.facebook.com/boujemaa.habib?fref=pb&hc_location=friends_tab
904,mbelkahia1,https://www.facebook.com/mbelkahia1?fref=pb&hc_location=friends_tab
905,haffa0704,https://www.facebook.com/haffa0704?fref=pb&hc_location=friends_tab
906,ridjo.akrich,https://www.facebook.com/ridjo.akrich?fref=pb&hc_location=friends_tab
907,samie13,https://www.facebook.com/samie13?fref=pb&hc_location=friends_tab
908,bechir.hachani.92,https://www.facebook.com/bechir.hachani.92?fref=pb&hc_location=friends_tab
909,younes.hadjselem,https://www.facebook.com/younes.hadjselem?fref=pb&hc_location=friends_tab
910,amir.benfredj1,https://www.facebook.com/amir.benfredj1?fref=pb&hc_location=friends_tab
911,hasmouss,https://www.facebook.com/hasmouss?fref=pb&hc_location=friends_tab
912,kalilo.miliani,https://www.facebook.com/kalilo.miliani?fref=pb&hc_location=friends_tab
913,ridha.benhassine.7,https://www.facebook.com/ridha.benhassine.7?fref=pb&hc_location=friends_tab
914,amine73b,https://www.facebook.com/amine73b?fref=pb&hc_location=friends_tab
915,Mohamed.Wissem.Zarrouk,https://www.facebook.com/Mohamed.Wissem.Zarrouk?fref=pb&hc_location=friends_tab
916,prince.isaac.129,https://www.facebook.com/prince.isaac.129?fref=pb&hc_location=friends_tab
917,sofiene.dallali,https://www.facebook.com/sofiene.dallali?fref=pb&hc_location=friends_tab
918,maher.chalghoumi,https://www.facebook.com/maher.chalghoumi?fref=pb&hc_location=friends_tab
1098,weldlass.dh,https://www.facebook.com/weldlass.dh?fref=pb&hc_location=friends_tab
1099,100040758814187,https://www.facebook.com/profile.php?id=100040758814187&fref=pb&hc_location=friends_tab
1100,guild.azaziz,https://www.facebook.com/guild.azaziz?fref=pb&hc_location=friends_tab
1101,hefdhi.junior,https://www.facebook.com/hefdhi.junior?fref=pb&hc_location=friends_tab
1102,yahya.mansouri.169,https://www.facebook.com/yahya.mansouri.169?fref=pb&hc_location=friends_tab
1103,fehmi.fehmi.313924,https://www.facebook.com/fehmi.fehmi.313924?fref=pb&hc_location=friends_tab
1104,moncef.gadhgadhi.5,https://www.facebook.com/moncef.gadhgadhi.5?fref=pb&hc_location=friends_tab
1105,100040705024974,https://www.facebook.com/profile.php?id=100040705024974&fref=pb&hc_location=friends_tab
1106,100040701696867,https://www.facebook.com/profile.php?id=100040701696867&fref=pb&hc_location=friends_tab
1107,semir.tayeb.3,https://www.facebook.com/semir.tayeb.3?fref=pb&hc_location=friends_tab
1108,100040689066503,https://www.facebook.com/profile.php?id=100040689066503&fref=pb&hc_location=friends_tab
1109,jed.benhmida,https://www.facebook.com/jed.benhmida?fref=pb&hc_location=friends_tab
1110,hedhly.mehrez,https://www.facebook.com/hedhly.mehrez?fref=pb&hc_location=friends_tab
1111,asma.dh.98284,https://www.facebook.com/asma.dh.98284?fref=pb&hc_location=friends_tab
1112,bayrem.benbarka,https://www.facebook.com/bayrem.benbarka?fref=pb&hc_location=friends_tab
1113,aziz.chaabni.3,https://www.facebook.com/aziz.chaabni.3?fref=pb&hc_location=friends_tab
1114,saad.bguir.779642,https://www.facebook.com/saad.bguir.779642?fref=pb&hc_location=friends_tab
1115,100040648240134,https://www.facebook.com/profile.php?id=100040648240134&fref=pb&hc_location=friends_tab
1116,slah.bnsalem,https://www.facebook.com/slah.bnsalem?fref=pb&hc_location=friends_tab
1117,saber.kalboussi.585,https://www.facebook.com/saber.kalboussi.585?fref=pb&hc_location=friends_tab
1317,mohamed.harres.96,https://www.facebook.com/mohamed.harres.96?fref=pb&hc_location=friends_tab
1318,chatu.boy.3766,https://www.facebook.com/chatu.boy.3766?fref=pb&hc_location=friends_tab
1319,100040626881170,https://www.facebook.com/profile.php?id=100040626881170&fref=pb&hc_location=friends_tab
1320,hamza.james.167,https://www.facebook.com/hamza.james.167?fref=pb&hc_location=friends_tab
1321,jihen.safi.92,https://www.facebook.com/jihen.safi.92?fref=pb&hc_location=friends_tab
1322,100040600692558,https://www.facebook.com/profile.php?id=100040600692558&fref=pb&hc_location=friends_tab
1323,aziz.khuildi.9,https://www.facebook.com/aziz.khuildi.9?fref=pb&hc_location=friends_tab
1324,100040573181022,https://www.facebook.com/profile.php?id=100040573181022&fref=pb&hc_location=friends_tab
1325,ayman.njeh.12,https://www.facebook.com/ayman.njeh.12?fref=pb&hc_location=friends_tab
1326,haythem.est.5011,https://www.facebook.com/haythem.est.5011?fref=pb&hc_location=friends_tab
1327,beji.mastouri.1,https://www.facebook.com/beji.mastouri.1?fref=pb&hc_location=friends_tab
1328,sayf.ayari.946,https://www.facebook.com/sayf.ayari.946?fref=pb&hc_location=friends_tab
1329,anwercha.ibinwer,https://www.facebook.com/anwercha.ibinwer?fref=pb&hc_location=friends_tab
1330,ahmedbouhmid.bouraoui,https://www.facebook.com/ahmedbouhmid.bouraoui?fref=pb&hc_location=friends_tab
1331,kooiba.ksovo,https://www.facebook.com/kooiba.ksovo?fref=pb&hc_location=friends_tab
1332,yassine.saidi.5203,https://www.facebook.com/yassine.saidi.5203?fref=pb&hc_location=friends_tab
1333,zied.weslati.376,https://www.facebook.com/zied.weslati.376?fref=pb&hc_location=friends_tab
1334,yassin.arfaoui.376,https://www.facebook.com/yassin.arfaoui.376?fref=pb&hc_location=friends_tab
1335,100040472267299,https://www.facebook.com/profile.php?id=100040472267299&fref=pb&hc_location=friends_tab
1336,fatma.benkahla.33,https://www.facebook.com/fatma.benkahla.33?fref=pb&hc_location=friends_tab
1556,100040465452368,https://www.facebook.com/profile.php?id=100040465452368&fref=pb&hc_location=friends_tab
1557,mouin.chaabni,https://www.facebook.com/mouin.chaabni?fref=pb&hc_location=friends_tab
1558,ahmedahmed.bejaoi,https://www.facebook.com/ahmedahmed.bejaoi?fref=pb&hc_location=friends_tab
1559,ahmed.laribi.1656,https://www.facebook.com/ahmed.laribi.1656?fref=pb&hc_location=friends_tab
1560,100040458186761,https://www.facebook.com/profile.php?id=100040458186761&fref=pb&hc_location=friends_tab
1561,ste.gmp,https://www.facebook.com/ste.gmp?fref=pb&hc_location=friends_tab
1562,100040447671205,https://www.facebook.com/profile.php?id=100040447671205&fref=pb&hc_location=friends_tab
1563,ayoub.mansouri.9638,https://www.facebook.com/ayoub.mansouri.9638?fref=pb&hc_location=friends_tab
1564,maram.benatigue,https://www.facebook.com/maram.benatigue?fref=pb&hc_location=friends_tab
1565,mkadege.kadege,https://www.facebook.com/mkadege.kadege?fref=pb&hc_location=friends_tab
1566,nouri.mazen.7,https://www.facebook.com/nouri.mazen.7?fref=pb&hc_location=friends_tab
1567,100040417794112,https://www.facebook.com/profile.php?id=100040417794112&fref=pb&hc_location=friends_tab
1568,zinou.csc.3367,https://www.facebook.com/zinou.csc.3367?fref=pb&hc_location=friends_tab
1569,100040414853550,https://www.facebook.com/profile.php?id=100040414853550&fref=pb&hc_location=friends_tab
1570,hamdi.kaabi.712,https://www.facebook.com/hamdi.kaabi.712?fref=pb&hc_location=friends_tab
1571,100040386473711,https://www.facebook.com/profile.php?id=100040386473711&fref=pb&hc_location=friends_tab
1572,awled.homa.3,https://www.facebook.com/awled.homa.3?fref=pb&hc_location=friends_tab
1573,aziz.jawafi.7,https://www.facebook.com/aziz.jawafi.7?fref=pb&hc_location=friends_tab
1574,oukacha.oukach.92,https://www.facebook.com/oukacha.oukach.92?fref=pb&hc_location=friends_tab
1575,zin.fedi.5,https://www.facebook.com/zin.fedi.5?fref=pb&hc_location=friends_tab
1815,rayan.zaouga.96,https://www.facebook.com/rayan.zaouga.96?fref=pb&hc_location=friends_tab
1816,ahmed.wargui.3,https://www.facebook.com/ahmed.wargui.3?fref=pb&hc_location=friends_tab
1817,jabarii.sami,https://www.facebook.com/jabarii.sami?fref=pb&hc_location=friends_tab
1818,100040235221547,https://www.facebook.com/profile.php?id=100040235221547&fref=pb&hc_location=friends_tab
1819,sappedemarques.arles,https://www.facebook.com/sappedemarques.arles?fref=pb&hc_location=friends_tab
1820,abdelkader.chehidi.10,https://www.facebook.com/abdelkader.chehidi.10?fref=pb&hc_location=friends_tab
1821,mohamedkamel.baazaoui.1,https://www.facebook.com/mohamedkamel.baazaoui.1?fref=pb&hc_location=friends_tab
1822,100040141448798,https://www.facebook.com/profile.php?id=100040141448798&fref=pb&hc_location=friends_tab
1823,zarga.jawher.7,https://www.facebook.com/zarga.jawher.7?fref=pb&hc_location=friends_tab
1824,bilel.benmansour.313,https://www.facebook.com/bilel.benmansour.313?fref=pb&hc_location=friends_tab
1825,oussema.wessam,https://www.facebook.com/oussema.wessam?fref=pb&hc_location=friends_tab
1826,cabiste.omar.7,https://www.facebook.com/cabiste.omar.7?fref=pb&hc_location=friends_tab
1827,zouna.sai,https://www.facebook.com/zouna.sai?fref=pb&hc_location=friends_tab
1828,ahmed.kouki.3557440,https://www.facebook.com/ahmed.kouki.3557440?fref=pb&hc_location=friends_tab
1829,sameh.boufalouss,https://www.facebook.com/sameh.boufalouss?fref=pb&hc_location=friends_tab
1830,100040031474776,https://www.facebook.com/profile.php?id=100040031474776&fref=pb&hc_location=friends_tab
1831,100040028928134,https://www.facebook.com/profile.php?id=100040028928134&fref=pb&hc_location=friends_tab
1832,feliciano.yahari,https://www.facebook.com/feliciano.yahari?fref=pb&hc_location=friends_tab
1833,nizar.barhoumi.39,https://www.facebook.com/nizar.barhoumi.39?fref=pb&hc_location=friends_tab
1834,hkdjqo.yzbso,https://www.facebook.com/hkdjqo.yzbso?fref=pb&hc_location=friends_tab
2094,100039979531743,https://www.facebook.com/profile.php?id=100039979531743&fref=pb&hc_location=friends_tab
2095,hatem.hachani.71,https://www.facebook.com/hatem.hachani.71?fref=pb&hc_location=friends_tab
2096,hazem.elkamel.12,https://www.facebook.com/hazem.elkamel.12?fref=pb&hc_location=friends_tab
2097,bensaid.bensaid.921,https://www.facebook.com/bensaid.bensaid.921?fref=pb&hc_location=friends_tab
2098,klifi.kais.75,https://www.facebook.com/klifi.kais.75?fref=pb&hc_location=friends_tab
2099,sahli.harbi.7315,https://www.facebook.com/sahli.harbi.7315?fref=pb&hc_location=friends_tab
2100,ala.kochbati.71,https://www.facebook.com/ala.kochbati.71?fref=pb&hc_location=friends_tab
2101,malek.jaballah.129,https://www.facebook.com/malek.jaballah.129?fref=pb&hc_location=friends_tab
2102,abderrahmen.saidani.39,https://www.facebook.com/abderrahmen.saidani.39?fref=pb&hc_location=friends_tab
2103,100039834612335,https://www.facebook.com/profile.php?id=100039834612335&fref=pb&hc_location=friends_tab
2104,bilel.ca.90834,https://www.facebook.com/bilel.ca.90834?fref=pb&hc_location=friends_tab
2105,100039786528802,https://www.facebook.com/profile.php?id=100039786528802&fref=pb&hc_location=friends_tab
2106,jammil.amen,https://www.facebook.com/jammil.amen?fref=pb&hc_location=friends_tab
2107,anoir.dridi.169,https://www.facebook.com/anoir.dridi.169?fref=pb&hc_location=friends_tab
2108,hosni.wissem.5,https://www.facebook.com/hosni.wissem.5?fref=pb&hc_location=friends_tab
2109,benmoustpha.mahjouub,https://www.facebook.com/benmoustpha.mahjouub?fref=pb&hc_location=friends_tab
2110,malek.sahbani.543,https://www.facebook.com/malek.sahbani.543?fref=pb&hc_location=friends_tab
2111,100039723924370,https://www.facebook.com/profile.php?id=100039723924370&fref=pb&hc_location=friends_tab
2112,maalaoui.mondher.5,https://www.facebook.com/maalaoui.mondher.5?fref=pb&hc_location=friends_tab
2113,chakib.dhaouadi.54,https://www.facebook.com/chakib.dhaouadi.54?fref=pb&hc_location=friends_tab
2393,abdlkrim.abdouli.9,https://www.facebook.com/abdlkrim.abdouli.9?fref=pb&hc_location=friends_tab
2394,ayoub.saidani.927980,https://www.facebook.com/ayoub.saidani.927980?fref=pb&hc_location=friends_tab
2395,abdourahmane.abdourahmane.5249,https://www.facebook.com/abdourahmane.abdourahmane.5249?fref=pb&hc_location=friends_tab
2396,moetez.moetez.54,https://www.facebook.com/moetez.moetez.54?fref=pb&hc_location=friends_tab
2397,ahmed.kachroudi.562,https://www.facebook.com/ahmed.kachroudi.562?fref=pb&hc_location=friends_tab
2398,jouinii.hichem,https://www.facebook.com/jouinii.hichem?fref=pb&hc_location=friends_tab
2399,souhaiel.marzouk.3,https://www.facebook.com/souhaiel.marzouk.3?fref=pb&hc_location=friends_tab
2400,bachircapou.daje,https://www.facebook.com/bachircapou.daje?fref=pb&hc_location=friends_tab
2401,walid.soussi.376,https://www.facebook.com/walid.soussi.376?fref=pb&hc_location=friends_tab
2402,patrick.drianne.7,https://www.facebook.com/patrick.drianne.7?fref=pb&hc_location=friends_tab
2403,rayen.marweni.73,https://www.facebook.com/rayen.marweni.73?fref=pb&hc_location=friends_tab
2404,beinz.yt,https://www.facebook.com/beinz.yt?fref=pb&hc_location=friends_tab
2405,dmt.ofic,https://www.facebook.com/dmt.ofic?fref=pb&hc_location=friends_tab
2406,wassim.mansour.543908,https://www.facebook.com/wassim.mansour.543908?fref=pb&hc_location=friends_tab
2407,ramzi.shili.7359,https://www.facebook.com/ramzi.shili.7359?fref=pb&hc_location=friends_tab
2408,wajdi.sehli.545,https://www.facebook.com/wajdi.sehli.545?fref=pb&hc_location=friends_tab
2409,rachid.vivraja,https://www.facebook.com/rachid.vivraja?fref=pb&hc_location=friends_tab
2410,hmayed.mathlouthi.3,https://www.facebook.com/hmayed.mathlouthi.3?fref=pb&hc_location=friends_tab
2411,haithem.yousfi.165,https://www.facebook.com/haithem.yousfi.165?fref=pb&hc_location=friends_tab
2412,ghuu.ppa,https://www.facebook.com/ghuu.ppa?fref=pb&hc_location=friends_tab
2712,bilel.abdelmaksoud.3,https://www.facebook.com/bilel.abdelmaksoud.3?fref=pb&hc_location=friends_tab
2713,amine.goumiz,https://www.facebook.com/amine.goumiz?fref=pb&hc_location=friends_tab
2714,bechir.mimouni.169,https://www.facebook.com/bechir.mimouni.169?fref=pb&hc_location=friends_tab
2715,100039353814092,https://www.facebook.com/profile.php?id=100039353814092&fref=pb&hc_location=friends_tab
2716,mounir.nasri.3576,https://www.facebook.com/mounir.nasri.3576?fref=pb&hc_location=friends_tab
2717,welid.fz,https://www.facebook.com/welid.fz?fref=pb&hc_location=friends_tab
2718,adem.meddour.501,https://www.facebook.com/adem.meddour.501?fref=pb&hc_location=friends_tab
2719,mohamedaziz.blaidi,https://www.facebook.com/mohamedaziz.blaidi?fref=pb&hc_location=friends_tab
2720,amine.trabelssy.5,https://www.facebook.com/amine.trabelssy.5?fref=pb&hc_location=friends_tab
2721,100039271145562,https://www.facebook.com/profile.php?id=100039271145562&fref=pb&hc_location=friends_tab
2722,100039255573857,https://www.facebook.com/profile.php?id=100039255573857&fref=pb&hc_location=friends_tab
2723,100039227977564,https://www.facebook.com/profile.php?id=100039227977564&fref=pb&hc_location=friends_tab
2724,krzysztof.kolump.56,https://www.facebook.com/krzysztof.kolump.56?fref=pb&hc_location=friends_tab
2725,moncef.mabrouki.3192,https://www.facebook.com/moncef.mabrouki.3192?fref=pb&hc_location=friends_tab
2726,claudioariel.lucio.5,https://www.facebook.com/claudioariel.lucio.5?fref=pb&hc_location=friends_tab
2727,rebeca.niya,https://www.facebook.com/rebeca.niya?fref=pb&hc_location=friends_tab
2728,100039123343850,https://www.facebook.com/profile.php?id=100039123343850&fref=pb&hc_location=friends_tab
2729,romina.alcazar.948,https://www.facebook.com/romina.alcazar.948?fref=pb&hc_location=friends_tab
2730,malek.hamdi.984349,https://www.facebook.com/malek.hamdi.984349?fref=pb&hc_location=friends_tab
2731,wassel.turky,https://www.facebook.com/wassel.turky?fref=pb&hc_location=friends_tab
3051,mouhamedhabib.cabiste,https://www.facebook.com/mouhamedhabib.cabiste?fref=pb&hc_location=friends_tab
3052,mohamed.mechrgui.773,https://www.facebook.com/mohamed.mechrgui.773?fref=pb&hc_location=friends_tab
3053,mizwedness.elghorba,https://www.facebook.com/mizwedness.elghorba?fref=pb&hc_location=friends_tab
3054,habib.hajem.54,https://www.facebook.com/habib.hajem.54?fref=pb&hc_location=friends_tab
3055,andolsi.adem.9,https://www.facebook.com/andolsi.adem.9?fref=pb&hc_location=friends_tab
3056,100038820801958,https://www.facebook.com/profile.php?id=100038820801958&fref=pb&hc_location=friends_tab
3057,fadi.hamdi.9279,https://www.facebook.com/fadi.hamdi.9279?fref=pb&hc_location=friends_tab
3058,mohamed.baroudi.921025,https://www.facebook.com/mohamed.baroudi.921025?fref=pb&hc_location=friends_tab
3059,100038787290444,https://www.facebook.com/profile.php?id=100038787290444&fref=pb&hc_location=friends_tab
3060,hedi.chetioui.1,https://www.facebook.com/hedi.chetioui.1?fref=pb&hc_location=friends_tab
3061,oussmam.lartist.3,https://www.facebook.com/oussmam.lartist.3?fref=pb&hc_location=friends_tab
3062,benteber.hazem.7,https://www.facebook.com/benteber.hazem.7?fref=pb&hc_location=friends_tab
3063,monsef.monsef.58958,https://www.facebook.com/monsef.monsef.58958?fref=pb&hc_location=friends_tab
3064,100038697395978,https://www.facebook.com/profile.php?id=100038697395978&fref=pb&hc_location=friends_tab
3065,100038634639045,https://www.facebook.com/profile.php?id=100038634639045&fref=pb&hc_location=friends_tab
3066,lefriki.dawla.7,https://www.facebook.com/lefriki.dawla.7?fref=pb&hc_location=friends_tab
3067,semi.fh.7,https://www.facebook.com/semi.fh.7?fref=pb&hc_location=friends_tab
3068,100038528494986,https://www.facebook.com/profile.php?id=100038528494986&fref=pb&hc_location=friends_tab
3069,abdallah.ghrandi.52,https://www.facebook.com/abdallah.ghrandi.52?fref=pb&hc_location=friends_tab
3070,100038478757802,https://www.facebook.com/profile.php?id=100038478757802&fref=pb&hc_location=friends_tab
3410,100038449673929,https://www.facebook.com/profile.php?id=100038449673929&fref=pb&hc_location=friends_tab
3411,pendo.nyamonge.1,https://www.facebook.com/pendo.nyamonge.1?fref=pb&hc_location=friends_tab
3412,mohamed.mansouri.73932,https://www.facebook.com/mohamed.mansouri.73932?fref=pb&hc_location=friends_tab
3413,ala.guirat.545,https://www.facebook.com/ala.guirat.545?fref=pb&hc_location=friends_tab
3414,lucas.bo.735,https://www.facebook.com/lucas.bo.735?fref=pb&hc_location=friends_tab
3415,hmaidia.chahir,https://www.facebook.com/hmaidia.chahir?fref=pb&hc_location=friends_tab
3416,saber.arfaoui.3597,https://www.facebook.com/saber.arfaoui.3597?fref=pb&hc_location=friends_tab
3417,mohamed.ouail.315,https://www.facebook.com/mohamed.ouail.315?fref=pb&hc_location=friends_tab
3418,100038099087252,https://www.facebook.com/profile.php?id=100038099087252&fref=pb&hc_location=friends_tab
3419,roland.agbodjogbe,https://www.facebook.com/roland.agbodjogbe?fref=pb&hc_location=friends_tab
3420,athmene.arbi.96,https://www.facebook.com/athmene.arbi.96?fref=pb&hc_location=friends_tab
3421,kossay.ca.75,https://www.facebook.com/kossay.ca.75?fref=pb&hc_location=friends_tab
3422,wissem.dredi.9,https://www.facebook.com/wissem.dredi.9?fref=pb&hc_location=friends_tab
3423,100037751887569,https://www.facebook.com/profile.php?id=100037751887569&fref=pb&hc_location=friends_tab
3424,100037744536666,https://www.facebook.com/profile.php?id=100037744536666&fref=pb&hc_location=friends_tab
3425,nabil.benfraj.58,https://www.facebook.com/nabil.benfraj.58?fref=pb&hc_location=friends_tab
3426,ahmed.benmansour.5477,https://www.facebook.com/ahmed.benmansour.5477?fref=pb&hc_location=friends_tab
3427,ayoub.charfi.5667,https://www.facebook.com/ayoub.charfi.5667?fref=pb&hc_location=friends_tab
3428,100037607622207,https://www.facebook.com/profile.php?id=100037607622207&fref=pb&hc_location=friends_tab
3429,ezzedine.benattia.7,https://www.facebook.com/ezzedine.benattia.7?fref=pb&hc_location=friends_tab
3789,skander.ouaji.5,https://www.facebook.com/skander.ouaji.5?fref=pb&hc_location=friends_tab
3790,kilifi.hama,https://www.facebook.com/kilifi.hama?fref=pb&hc_location=friends_tab
3791,yassin.triki.169,https://www.facebook.com/yassin.triki.169?fref=pb&hc_location=friends_tab
3792,aze.rtyu.92123,https://www.facebook.com/aze.rtyu.92123?fref=pb&hc_location=friends_tab
3793,mk.hamdi.50,https://www.facebook.com/mk.hamdi.50?fref=pb&hc_location=friends_tab
3794,abido.ridha,https://www.facebook.com/abido.ridha?fref=pb&hc_location=friends_tab
3795,100037314441499,https://www.facebook.com/profile.php?id=100037314441499&fref=pb&hc_location=friends_tab
3796,bralim.slloussouj,https://www.facebook.com/bralim.slloussouj?fref=pb&hc_location=friends_tab
3797,qais.boujemaa,https://www.facebook.com/qais.boujemaa?fref=pb&hc_location=friends_tab
3798,lotfi.belhaj.100,https://www.facebook.com/lotfi.belhaj.100?fref=pb&hc_location=friends_tab
3799,othmane.gouti.7,https://www.facebook.com/othmane.gouti.7?fref=pb&hc_location=friends_tab
3800,fadi.aydi.311,https://www.facebook.com/fadi.aydi.311?fref=pb&hc_location=friends_tab
3801,amyn.dachraoui,https://www.facebook.com/amyn.dachraoui?fref=pb&hc_location=friends_tab
3802,salem.louhichi.1422,https://www.facebook.com/salem.louhichi.1422?fref=pb&hc_location=friends_tab
3803,100037083939399,https://www.facebook.com/profile.php?id=100037083939399&fref=pb&hc_location=friends_tab
3804,100037043677535,https://www.facebook.com/profile.php?id=100037043677535&fref=pb&hc_location=friends_tab
3805,100037026039323,https://www.facebook.com/profile.php?id=100037026039323&fref=pb&hc_location=friends_tab
3806,amine.ferchichi.14473,https://www.facebook.com/amine.ferchichi.14473?fref=pb&hc_location=friends_tab
3807,muhammad.anggara.908347,https://www.facebook.com/muhammad.anggara.908347?fref=pb&hc_location=friends_tab
3808,hamza.cherif.7982,https://www.facebook.com/hamza.cherif.7982?fref=pb&hc_location=friends_tab
4188,sami.saidani.509,https://www.facebook.com/sami.saidani.509?fref=pb&hc_location=friends_tab
4189,marahf.lansana,https://www.facebook.com/marahf.lansana?fref=pb&hc_location=friends_tab
4190,100036757367932,https://www.facebook.com/profile.php?id=100036757367932&fref=pb&hc_location=friends_tab
4191,mohamed.shaiek.39,https://www.facebook.com/mohamed.shaiek.39?fref=pb&hc_location=friends_tab
4192,mohamed.asri.1650332,https://www.facebook.com/mohamed.asri.1650332?fref=pb&hc_location=friends_tab
4193,akrem.daly.758,https://www.facebook.com/akrem.daly.758?fref=pb&hc_location=friends_tab
4194,100036445129270,https://www.facebook.com/profile.php?id=100036445129270&fref=pb&hc_location=friends_tab
4195,omar.ouimri.1,https://www.facebook.com/omar.ouimri.1?fref=pb&hc_location=friends_tab
4196,elhamdawi.ahmed.9,https://www.facebook.com/elhamdawi.ahmed.9?fref=pb&hc_location=friends_tab
4197,samir.est.50702,https://www.facebook.com/samir.est.50702?fref=pb&hc_location=friends_tab
4198,julieta.magana.106,https://www.facebook.com/julieta.magana.106?fref=pb&hc_location=friends_tab
4199,wael.bizerte.9,https://www.facebook.com/wael.bizerte.9?fref=pb&hc_location=friends_tab
4200,ali.benmohamed.750983,https://www.facebook.com/ali.benmohamed.750983?fref=pb&hc_location=friends_tab
4201,100036036278255,https://www.facebook.com/profile.php?id=100036036278255&fref=pb&hc_location=friends_tab
4202,hama.benhmed.39,https://www.facebook.com/hama.benhmed.39?fref=pb&hc_location=friends_tab
4203,gaith.gribi.56,https://www.facebook.com/gaith.gribi.56?fref=pb&hc_location=friends_tab
4204,hamouda.sf.1,https://www.facebook.com/hamouda.sf.1?fref=pb&hc_location=friends_tab
4205,mbarki.hamed.7,https://www.facebook.com/mbarki.hamed.7?fref=pb&hc_location=friends_tab
4206,ahmed.rtibi.334,https://www.facebook.com/ahmed.rtibi.334?fref=pb&hc_location=friends_tab
4207,kais.dahri.714,https://www.facebook.com/kais.dahri.714?fref=pb&hc_location=friends_tab
4607,saif.mhadbi.984,https://www.facebook.com/saif.mhadbi.984?fref=pb&hc_location=friends_tab
4608,pt.menzeljemil,https://www.facebook.com/pt.menzeljemil?fref=pb&hc_location=friends_tab
4609,hamza.dhaoui.94,https://www.facebook.com/hamza.dhaoui.94?fref=pb&hc_location=friends_tab
4610,aouididi.achraf,https://www.facebook.com/aouididi.achraf?fref=pb&hc_location=friends_tab
4611,takambajose.gaw,https://www.facebook.com/takambajose.gaw?fref=pb&hc_location=friends_tab
4612,100035340186690,https://www.facebook.com/profile.php?id=100035340186690&fref=pb&hc_location=friends_tab
4613,mouhamdali.ouerghimmi,https://www.facebook.com/mouhamdali.ouerghimmi?fref=pb&hc_location=friends_tab
4614,wahbi.ch.35,https://www.facebook.com/wahbi.ch.35?fref=pb&hc_location=friends_tab
4615,100035305935083,https://www.facebook.com/profile.php?id=100035305935083&fref=pb&hc_location=friends_tab
4616,100035285423869,https://www.facebook.com/profile.php?id=100035285423869&fref=pb&hc_location=friends_tab
4617,osamabichra.bichraadam,https://www.facebook.com/osamabichra.bichraadam?fref=pb&hc_location=friends_tab
4618,hidri.yosri.3,https://www.facebook.com/hidri.yosri.3?fref=pb&hc_location=friends_tab
4619,nabile.mechergui,https://www.facebook.com/nabile.mechergui?fref=pb&hc_location=friends_tab
4620,ahmed.aroussi.9803,https://www.facebook.com/ahmed.aroussi.9803?fref=pb&hc_location=friends_tab
4621,100034704135599,https://www.facebook.com/profile.php?id=100034704135599&fref=pb&hc_location=friends_tab
4622,aloui.hamad.9,https://www.facebook.com/aloui.hamad.9?fref=pb&hc_location=friends_tab
4623,100034685802230,https://www.facebook.com/profile.php?id=100034685802230&fref=pb&hc_location=friends_tab
4624,sami.kh.3133719,https://www.facebook.com/sami.kh.3133719?fref=pb&hc_location=friends_tab
4625,naceur.chaabnia.7,https://www.facebook.com/naceur.chaabnia.7?fref=pb&hc_location=friends_tab
5044,mahdi.kodya.7,https://www.facebook.com/mahdi.kodya.7?fref=pb&hc_location=friends_tab
5045,houssem.mrad.7528,https://www.facebook.com/houssem.mrad.7528?fref=pb&hc_location=friends_tab
5046,100034151326105,https://www.facebook.com/profile.php?id=100034151326105&fref=pb&hc_location=friends_tab
5047,saifeddine.riahu,https://www.facebook.com/saifeddine.riahu?fref=pb&hc_location=friends_tab
5048,moncef.toumi.73,https://www.facebook.com/moncef.toumi.73?fref=pb&hc_location=friends_tab
5049,kia.rio.3517,https://www.facebook.com/kia.rio.3517?fref=pb&hc_location=friends_tab
5050,sahbi.sahli.37,https://www.facebook.com/sahbi.sahli.37?fref=pb&hc_location=friends_tab
5051,ksibi.moez.1,https://www.facebook.com/ksibi.moez.1?fref=pb&hc_location=friends_tab
5052,abdelhak.khaterchi.5,https://www.facebook.com/abdelhak.khaterchi.5?fref=pb&hc_location=friends_tab
5053,raed.bentoumia.52,https://www.facebook.com/raed.bentoumia.52?fref=pb&hc_location=friends_tab
5054,abdo.chinwi.184881,https://www.facebook.com/abdo.chinwi.184881?fref=pb&hc_location=friends_tab
5055,kais.est.96930,https://www.facebook.com/kais.est.96930?fref=pb&hc_location=friends_tab
5056,100033449028089,https://www.facebook.com/profile.php?id=100033449028089&fref=pb&hc_location=friends_tab
5057,100033424253681,https://www.facebook.com/profile.php?id=100033424253681&fref=pb&hc_location=friends_tab
5058,ali.chhab.39,https://www.facebook.com/ali.chhab.39?fref=pb&hc_location=friends_tab
5059,mouhamed.douzi.75,https://www.facebook.com/mouhamed.douzi.75?fref=pb&hc_location=friends_tab
5060,100032541106342,https://www.facebook.com/profile.php?id=100032541106342&fref=pb&hc_location=friends_tab
5061,med.azelafi,https://www.facebook.com/med.azelafi?fref=pb&hc_location=friends_tab
5062,melek.louhichi,https://www.facebook.com/melek.louhichi?fref=pb&hc_location=friends_tab
5063,dolma.famili,https://www.facebook.com/dolma.famili?fref=pb&hc_location=friends_tab
5502,belgacem.baazaoui.543,https://www.facebook.com/belgacem.baazaoui.543?fref=pb&hc_location=friends_tab
5503,mohamedali.mersni.31,https://www.facebook.com/mohamedali.mersni.31?fref=pb&hc_location=friends_tab
5504,faten.lakti,https://www.facebook.com/faten.lakti?fref=pb&hc_location=friends_tab
5505,100031417574077,https://www.facebook.com/profile.php?id=100031417574077&fref=pb&hc_location=friends_tab
5506,100031240830313,https://www.facebook.com/profile.php?id=100031240830313&fref=pb&hc_location=friends_tab
5507,jamel.mebarki.14,https://www.facebook.com/jamel.mebarki.14?fref=pb&hc_location=friends_tab
5508,abdulkbukar.bukar,https://www.facebook.com/abdulkbukar.bukar?fref=pb&hc_location=friends_tab
5509,hassen.messai.393,https://www.facebook.com/hassen.messai.393?fref=pb&hc_location=friends_tab
5510,sharad.parmar.794,https://www.facebook.com/sharad.parmar.794?fref=pb&hc_location=friends_tab
5511,omar.hacheni.92,https://www.facebook.com/omar.hacheni.92?fref=pb&hc_location=friends_tab
5512,koussay.koussay.92560,https://www.facebook.com/koussay.koussay.92560?fref=pb&hc_location=friends_tab
5513,amoun.bouzouita,https://www.facebook.com/amoun.bouzouita?fref=pb&hc_location=friends_tab
5514,amiri.walid.148,https://www.facebook.com/amiri.walid.148?fref=pb&hc_location=friends_tab
5515,hamza.mekni.754570,https://www.facebook.com/hamza.mekni.754570?fref=pb&hc_location=friends_tab
5516,hamza.chouat.948,https://www.facebook.com/hamza.chouat.948?fref=pb&hc_location=friends_tab
5517,lilian.lecamus,https://www.facebook.com/lilian.lecamus?fref=pb&hc_location=friends_tab
5518,assilajihen,https://www.facebook.com/assilajihen?fref=pb&hc_location=friends_tab
5519,barhoumi.barhoumi.777158,https://www.facebook.com/barhoumi.barhoumi.777158?fref=pb&hc_location=friends_tab
5520,dali.bizertinou.56,https://www.facebook.com/dali.bizertinou.56?fref=pb&hc_location=friends_tab
5521,rami.ramirez.3551,https://www.facebook.com/rami.ramirez.3551?fref=pb&hc_location=friends_tab
5980,hatem.benali.31542,https://www.facebook.com/hatem.benali.31542?fref=pb&hc_location=friends_tab
5981,ayoub.kun.940,https://www.facebook.com/ayoub.kun.940?fref=pb&hc_location=friends_tab
5982,adem.hbibi.16,https://www.facebook.com/adem.hbibi.16?fref=pb&hc_location=friends_tab
5983,100029508373239,https://www.facebook.com/profile.php?id=100029508373239&fref=pb&hc_location=friends_tab
5984,hassen.bt.90,https://www.facebook.com/hassen.bt.90?fref=pb&hc_location=friends_tab
5985,nabil.hattab.31,https://www.facebook.com/nabil.hattab.31?fref=pb&hc_location=friends_tab
5986,100029247377908,https://www.facebook.com/profile.php?id=100029247377908&fref=pb&hc_location=friends_tab
5987,baha.saidani.56,https://www.facebook.com/baha.saidani.56?fref=pb&hc_location=friends_tab
5988,said.est.146,https://www.facebook.com/said.est.146?fref=pb&hc_location=friends_tab
5989,100029005152699,https://www.facebook.com/profile.php?id=100029005152699&fref=pb&hc_location=friends_tab
5990,moez.dedi,https://www.facebook.com/moez.dedi?fref=pb&hc_location=friends_tab
5991,abdjelil.essid,https://www.facebook.com/abdjelil.essid?fref=pb&hc_location=friends_tab
5992,rajab.salim.568,https://www.facebook.com/rajab.salim.568?fref=pb&hc_location=friends_tab
5993,ahmed.ahmd.10236115,https://www.facebook.com/ahmed.ahmd.10236115?fref=pb&hc_location=friends_tab
5994,100028636542393,https://www.facebook.com/profile.php?id=100028636542393&fref=pb&hc_location=friends_tab
5995,mohamedali.trabelsi.5074,https://www.facebook.com/mohamedali.trabelsi.5074?fref=pb&hc_location=friends_tab
5996,100028564752115,https://www.facebook.com/profile.php?id=100028564752115&fref=pb&hc_location=friends_tab
5997,hassen.zh.7,https://www.facebook.com/hassen.zh.7?fref=pb&hc_location=friends_tab
5998,100028509250960,https://www.facebook.com/profile.php?id=100028509250960&fref=pb&hc_location=friends_tab
5999,saidani.amer.94,https://www.facebook.com/saidani.amer.94?fref=pb&hc_location=friends_tab
6478,hamdi.bouazizi.79,https://www.facebook.com/hamdi.bouazizi.79?fref=pb&hc_location=friends_tab
6479,100028063732516,https://www.facebook.com/profile.php?id=100028063732516&fref=pb&hc_location=friends_tab
6480,rah.seba,https://www.facebook.com/rah.seba?fref=pb&hc_location=friends_tab
6481,nidhal.hachani7,https://www.facebook.com/nidhal.hachani7?fref=pb&hc_location=friends_tab
6482,marwen.mechergui,https://www.facebook.com/marwen.mechergui?fref=pb&hc_location=friends_tab
6483,zied.achouri.39,https://www.facebook.com/zied.achouri.39?fref=pb&hc_location=friends_tab
6484,chedi.mouhli.9,https://www.facebook.com/chedi.mouhli.9?fref=pb&hc_location=friends_tab
6485,zakaria.nadir.712,https://www.facebook.com/zakaria.nadir.712?fref=pb&hc_location=friends_tab
6486,rayen.bensalah.1276,https://www.facebook.com/rayen.bensalah.1276?fref=pb&hc_location=friends_tab
6487,mazen.zakraoui.1,https://www.facebook.com/mazen.zakraoui.1?fref=pb&hc_location=friends_tab
6488,aziz.bousselmium,https://www.facebook.com/aziz.bousselmium?fref=pb&hc_location=friends_tab
6489,100026949591705,https://www.facebook.com/profile.php?id=100026949591705&fref=pb&hc_location=friends_tab
6490,louay.elgammoudi,https://www.facebook.com/louay.elgammoudi?fref=pb&hc_location=friends_tab
6491,hassen.deli.37,https://www.facebook.com/hassen.deli.37?fref=pb&hc_location=friends_tab
6492,amir.makhlouf.942,https://www.facebook.com/amir.makhlouf.942?fref=pb&hc_location=friends_tab
6493,tahayassine.khanissi,https://www.facebook.com/tahayassine.khanissi?fref=pb&hc_location=friends_tab
6494,dorai.yassine.9,https://www.facebook.com/dorai.yassine.9?fref=pb&hc_location=friends_tab
6495,100026735862115,https://www.facebook.com/profile.php?id=100026735862115&fref=pb&hc_location=friends_tab
6496,100026628737784,https://www.facebook.com/profile.php?id=100026628737784&fref=pb&hc_location=friends_tab
6497,bechir.kapeaux,https://www.facebook.com/bechir.kapeaux?fref=pb&hc_location=friends_tab
6996,ibrahim.douzi.35,https://www.facebook.com/ibrahim.douzi.35?fref=pb&hc_location=friends_tab
6997,100026263787421,https://www.facebook.com/profile.php?id=100026263787421&fref=pb&hc_location=friends_tab
6998,jday.bilel.5,https://www.facebook.com/jday.bilel.5?fref=pb&hc_location=friends_tab
6999,abderrahmen.garrali,https://www.facebook.com/abderrahmen.garrali?fref=pb&hc_location=friends_tab
7000,ahmed.sghairi.37,https://www.facebook.com/ahmed.sghairi.37?fref=pb&hc_location=friends_tab
7001,dao.vudinh.7543,https://www.facebook.com/dao.vudinh.7543?fref=pb&hc_location=friends_tab
7002,mouhamed.benhajriya.3,https://www.facebook.com/mouhamed.benhajriya.3?fref=pb&hc_location=friends_tab
7003,amir.beji.906,https://www.facebook.com/amir.beji.906?fref=pb&hc_location=friends_tab
7004,kamel.klm.9,https://www.facebook.com/kamel.klm.9?fref=pb&hc_location=friends_tab
7005,marwen.hastaluego.5,https://www.facebook.com/marwen.hastaluego.5?fref=pb&hc_location=friends_tab
7006,100025198372530,https://www.facebook.com/profile.php?id=100025198372530&fref=pb&hc_location=friends_tab
7007,hassan.dhifallah.3,https://www.facebook.com/hassan.dhifallah.3?fref=pb&hc_location=friends_tab
7008,helmi.akriche,https://www.facebook.com/helmi.akriche?fref=pb&hc_location=friends_tab
7009,mohamed.dams.52,https://www.facebook.com/mohamed.dams.52?fref=pb&hc_location=friends_tab
7010,jaafir.hachani,https://www.facebook.com/jaafir.hachani?fref=pb&hc_location=friends_tab
7011,mohamed.louiz.393,https://www.facebook.com/mohamed.louiz.393?fref=pb&hc_location=friends_tab
7012,hachani.lab,https://www.facebook.com/hachani.lab?fref=pb&hc_location=friends_tab
7013,koussay.azouzi.1,https://www.facebook.com/koussay.azouzi.1?fref=pb&hc_location=friends_tab
7014,imed.amri.376,https://www.facebook.com/imed.amri.376?fref=pb&hc_location=friends_tab
7015,foyer.menzelabderrahmen.3,https://www.facebook.com/foyer.menzelabderrahmen.3?fref=pb&hc_location=friends_tab
7534,100024403821299,https://www.facebook.com/profile.php?id=100024403821299&fref=pb&hc_location=friends_tab
7535,salim.bziouch.50,https://www.facebook.com/salim.bziouch.50?fref=pb&hc_location=friends_tab
7536,100024061264071,https://www.facebook.com/profile.php?id=100024061264071&fref=pb&hc_location=friends_tab
7537,100023942349534,https://www.facebook.com/profile.php?id=100023942349534&fref=pb&hc_location=friends_tab
7538,ayari.mohammed.52,https://www.facebook.com/ayari.mohammed.52?fref=pb&hc_location=friends_tab
7539,ala.boughrarou.9,https://www.facebook.com/ala.boughrarou.9?fref=pb&hc_location=friends_tab
7540,youssef.ammar.988,https://www.facebook.com/youssef.ammar.988?fref=pb&hc_location=friends_tab
7541,mohamed.jeljli.92317,https://www.facebook.com/mohamed.jeljli.92317?fref=pb&hc_location=friends_tab
7542,100023346210860,https://www.facebook.com/profile.php?id=100023346210860&fref=pb&hc_location=friends_tab
7543,ahmedbouafia.est,https://www.facebook.com/ahmedbouafia.est?fref=pb&hc_location=friends_tab
7544,saber.benhaoula,https://www.facebook.com/saber.benhaoula?fref=pb&hc_location=friends_tab
7545,100022787495285,https://www.facebook.com/profile.php?id=100022787495285&fref=pb&hc_location=friends_tab
7546,ibrahim.dridi.73700,https://www.facebook.com/ibrahim.dridi.73700?fref=pb&hc_location=friends_tab
7547,sousou.sasou.5855594,https://www.facebook.com/sousou.sasou.5855594?fref=pb&hc_location=friends_tab
7548,adem.fattouch.9,https://www.facebook.com/adem.fattouch.9?fref=pb&hc_location=friends_tab
7549,salim.benyakhlef.3,https://www.facebook.com/salim.benyakhlef.3?fref=pb&hc_location=friends_tab
7550,ramzi.aboudi.14,https://www.facebook.com/ramzi.aboudi.14?fref=pb&hc_location=friends_tab
7551,abdelmonem.habib.3,https://www.facebook.com/abdelmonem.habib.3?fref=pb&hc_location=friends_tab
7552,achrafmechakab.achraf,https://www.facebook.com/achrafmechakab.achraf?fref=pb&hc_location=friends_tab
7553,tarekahmed.ahmed.984,https://www.facebook.com/tarekahmed.ahmed.984?fref=pb&hc_location=friends_tab
8092,100022294940047,https://www.facebook.com/profile.php?id=100022294940047&fref=pb&hc_location=friends_tab
8093,jihed.nefzi.311,https://www.facebook.com/jihed.nefzi.311?fref=pb&hc_location=friends_tab
8094,rayen.abbadi.37,https://www.facebook.com/rayen.abbadi.37?fref=pb&hc_location=friends_tab
8095,100022118110787,https://www.facebook.com/profile.php?id=100022118110787&fref=pb&hc_location=friends_tab
8096,yassine.toumi.33633,https://www.facebook.com/yassine.toumi.33633?fref=pb&hc_location=friends_tab
8097,lamouchi.yassine.75,https://www.facebook.com/lamouchi.yassine.75?fref=pb&hc_location=friends_tab
8098,100022061804799,https://www.facebook.com/profile.php?id=100022061804799&fref=pb&hc_location=friends_tab
8099,100022041663438,https://www.facebook.com/profile.php?id=100022041663438&fref=pb&hc_location=friends_tab
8100,hamda.saidani.31,https://www.facebook.com/hamda.saidani.31?fref=pb&hc_location=friends_tab
8101,abderrazek.maghraoui.7,https://www.facebook.com/abderrazek.maghraoui.7?fref=pb&hc_location=friends_tab
8102,100021708708567,https://www.facebook.com/profile.php?id=100021708708567&fref=pb&hc_location=friends_tab
8103,medini.fathi.7,https://www.facebook.com/medini.fathi.7?fref=pb&hc_location=friends_tab
8104,dridi.mourd,https://www.facebook.com/dridi.mourd?fref=pb&hc_location=friends_tab
8105,hamdi.espirantiste,https://www.facebook.com/hamdi.espirantiste?fref=pb&hc_location=friends_tab
8106,amin.khalfawi.33,https://www.facebook.com/amin.khalfawi.33?fref=pb&hc_location=friends_tab
8107,yasser.msadek.9,https://www.facebook.com/yasser.msadek.9?fref=pb&hc_location=friends_tab
8108,mohamed.wisleti.50,https://www.facebook.com/mohamed.wisleti.50?fref=pb&hc_location=friends_tab
8109,mohamed.elhedi.5832343,https://www.facebook.com/mohamed.elhedi.5832343?fref=pb&hc_location=friends_tab
8110,100019349053190,https://www.facebook.com/profile.php?id=100019349053190&fref=pb&hc_location=friends_tab
8111,mahjob.jazar,https://www.facebook.com/mahjob.jazar?fref=pb&hc_location=friends_tab
8670,100018990999551,https://www.facebook.com/profile.php?id=100018990999551&fref=pb&hc_location=friends_tab
8671,rouge.hedi,https://www.facebook.com/rouge.hedi?fref=pb&hc_location=friends_tab
8672,souhaib.touati.33,https://www.facebook.com/souhaib.touati.33?fref=pb&hc_location=friends_tab
8673,hamza.falontino,https://www.facebook.com/hamza.falontino?fref=pb&hc_location=friends_tab
8674,100018528071475,https://www.facebook.com/profile.php?id=100018528071475&fref=pb&hc_location=friends_tab
8675,100018176431612,https://www.facebook.com/profile.php?id=100018176431612&fref=pb&hc_location=friends_tab
8676,marwen.bzertino,https://www.facebook.com/marwen.bzertino?fref=pb&hc_location=friends_tab
8677,mohamed.afli.9041,https://www.facebook.com/mohamed.afli.9041?fref=pb&hc_location=friends_tab
8678,saih.saif.9,https://www.facebook.com/saih.saif.9?fref=pb&hc_location=friends_tab
8679,marwen.ebnouadem.7,https://www.facebook.com/marwen.ebnouadem.7?fref=pb&hc_location=friends_tab
8680,100017006374342,https://www.facebook.com/profile.php?id=100017006374342&fref=pb&hc_location=friends_tab
8681,tarek.ayari.3785,https://www.facebook.com/tarek.ayari.3785?fref=pb&hc_location=friends_tab
8682,nader.jmai.9,https://www.facebook.com/nader.jmai.9?fref=pb&hc_location=friends_tab
8683,slim.abdelli.988,https://www.facebook.com/slim.abdelli.988?fref=pb&hc_location=friends_tab
8684,ajmi.benhamouda.7,https://www.facebook.com/ajmi.benhamouda.7?fref=pb&hc_location=friends_tab
8685,dal.zdere,https://www.facebook.com/dal.zdere?fref=pb&hc_location=friends_tab
8686,hmida.ahmed.587,https://www.facebook.com/hmida.ahmed.587?fref=pb&hc_location=friends_tab
8687,100015476376210,https://www.facebook.com/profile.php?id=100015476376210&fref=pb&hc_location=friends_tab
8688,100015437804182,https://www.facebook.com/profile.php?id=100015437804182&fref=pb&hc_location=friends_tab
8689,100015312404250,https://www.facebook.com/profile.php?id=100015312404250&fref=pb&hc_location=friends_tab
9268,ali.khardani.336,https://www.facebook.com/ali.khardani.336?fref=pb&hc_location=friends_tab
9269,ayoub.benfredj.9,https://www.facebook.com/ayoub.benfredj.9?fref=pb&hc_location=friends_tab
9270,100015013027550,https://www.facebook.com/profile.php?id=100015013027550&fref=pb&hc_location=friends_tab
9271,100014932181962,https://www.facebook.com/profile.php?id=100014932181962&fref=pb&hc_location=friends_tab
9272,saloua.zamouri.980,https://www.facebook.com/saloua.zamouri.980?fref=pb&hc_location=friends_tab
9273,100014831040067,https://www.facebook.com/profile.php?id=100014831040067&fref=pb&hc_location=friends_tab
9274,slim.amroun,https://www.facebook.com/slim.amroun?fref=pb&hc_location=friends_tab
9275,mounir.baraket.52,https://www.facebook.com/mounir.baraket.52?fref=pb&hc_location=friends_tab
9276,fawzi.bizertino.18,https://www.facebook.com/fawzi.bizertino.18?fref=pb&hc_location=friends_tab
9277,abderrazak.lachkar.9,https://www.facebook.com/abderrazak.lachkar.9?fref=pb&hc_location=friends_tab
9278,100014395111604,https://www.facebook.com/profile.php?id=100014395111604&fref=pb&hc_location=friends_tab
9279,100014347923221,https://www.facebook.com/profile.php?id=100014347923221&fref=pb&hc_location=friends_tab
9280,100014333915346,https://www.facebook.com/profile.php?id=100014333915346&fref=pb&hc_location=friends_tab
9281,gammoudibouzid.gammoudibouzid,https://www.facebook.com/gammoudibouzid.gammoudibouzid?fref=pb&hc_location=friends_tab
9282,100014303268466,https://www.facebook.com/profile.php?id=100014303268466&fref=pb&hc_location=friends_tab
9283,ismail.bl.146,https://www.facebook.com/ismail.bl.146?fref=pb&hc_location=friends_tab
9284,sihem.bizerte.7,https://www.facebook.com/sihem.bizerte.7?fref=pb&hc_location=friends_tab
9285,kais.carlos.9,https://www.facebook.com/kais.carlos.9?fref=pb&hc_location=friends_tab
9286,abedelalaa.garali,https://www.facebook.com/abedelalaa.garali?fref=pb&hc_location=friends_tab
9287,mohmed.masmoudi.96,https://www.facebook.com/mohmed.masmoudi.96?fref=pb&hc_location=friends_tab
9886,abdallah.karoui.18,https://www.facebook.com/abdallah.karoui.18?fref=pb&hc_location=friends_tab
9887,omar.jdidi.18,https://www.facebook.com/omar.jdidi.18?fref=pb&hc_location=friends_tab
9888,yassin.kchouk,https://www.facebook.com/yassin.kchouk?fref=pb&hc_location=friends_tab
9889,karim.amraoui.5,https://www.facebook.com/karim.amraoui.5?fref=pb&hc_location=friends_tab
9890,adem.hajkhlifa.1,https://www.facebook.com/adem.hajkhlifa.1?fref=pb&hc_location=friends_tab
9891,azer.laabidi.3,https://www.facebook.com/azer.laabidi.3?fref=pb&hc_location=friends_tab
9892,ouardi.bizertine,https://www.facebook.com/ouardi.bizertine?fref=pb&hc_location=friends_tab
9893,aysser.mekni,https://www.facebook.com/aysser.mekni?fref=pb&hc_location=friends_tab
9894,100013111510470,https://www.facebook.com/profile.php?id=100013111510470&fref=pb&hc_location=friends_tab
9895,houssem.sejil,https://www.facebook.com/houssem.sejil?fref=pb&hc_location=friends_tab
9896,fawzi.fawzi.710667,https://www.facebook.com/fawzi.fawzi.710667?fref=pb&hc_location=friends_tab
9897,100012860351921,https://www.facebook.com/profile.php?id=100012860351921&fref=pb&hc_location=friends_tab
9898,100012828228815,https://www.facebook.com/profile.php?id=100012828228815&fref=pb&hc_location=friends_tab
9899,100012810361833,https://www.facebook.com/profile.php?id=100012810361833&fref=pb&hc_location=friends_tab
9900,nail.lakamora.50,https://www.facebook.com/nail.lakamora.50?fref=pb&hc_location=friends_tab
9901,sameh.bizertino.3,https://www.facebook.com/sameh.bizertino.3?fref=pb&hc_location=friends_tab
9902,akram.hachani.165,https://www.facebook.com/akram.hachani.165?fref=pb&hc_location=friends_tab
9903,saber.belguith.94,https://www.facebook.com/saber.belguith.94?fref=pb&hc_location=friends_tab
9904,hassen.kacem.58,https://www.facebook.com/hassen.kacem.58?fref=pb&hc_location=friends_tab
9905,imed.selmi.140,https://www.facebook.com/imed.selmi.140?fref=pb&hc_location=friends_tab
10524,100012578943242,https://www.facebook.com/profile.php?id=100012578943242&fref=pb&hc_location=friends_tab
10525,100012578555722,https://www.facebook.com/profile.php?id=100012578555722&fref=pb&hc_location=friends_tab
10526,anis.elomrani,https://www.facebook.com/anis.elomrani?fref=pb&hc_location=friends_tab
10527,malek.troudi.10,https://www.facebook.com/malek.troudi.10?fref=pb&hc_location=friends_tab
10528,wsm.oFF,https://www.facebook.com/wsm.oFF?fref=pb&hc_location=friends_tab
10529,adem.madrid.9678,https://www.facebook.com/adem.madrid.9678?fref=pb&hc_location=friends_tab
10530,adem.araissi,https://www.facebook.com/adem.araissi?fref=pb&hc_location=friends_tab
10531,sami.hachani.334,https://www.facebook.com/sami.hachani.334?fref=pb&hc_location=friends_tab
10532,najib.hamzaoui.397,https://www.facebook.com/najib.hamzaoui.397?fref=pb&hc_location=friends_tab
10533,shehab.hoba.908,https://www.facebook.com/shehab.hoba.908?fref=pb&hc_location=friends_tab
10534,rayen.est.7965,https://www.facebook.com/rayen.est.7965?fref=pb&hc_location=friends_tab
10535,100011751400370,https://www.facebook.com/profile.php?id=100011751400370&fref=pb&hc_location=friends_tab
10536,kais.askri.14,https://www.facebook.com/kais.askri.14?fref=pb&hc_location=friends_tab
10537,taher.ben.505,https://www.facebook.com/taher.ben.505?fref=pb&hc_location=friends_tab
10538,rabii.mosbahi.79,https://www.facebook.com/rabii.mosbahi.79?fref=pb&hc_location=friends_tab
10539,aichakermi.omri,https://www.facebook.com/aichakermi.omri?fref=pb&hc_location=friends_tab
10540,ahmed.hacheni.92,https://www.facebook.com/ahmed.hacheni.92?fref=pb&hc_location=friends_tab
10541,yassin.ali.1441,https://www.facebook.com/yassin.ali.1441?fref=pb&hc_location=friends_tab
10542,100011278200466,https://www.facebook.com/profile.php?id=100011278200466&fref=pb&hc_location=friends_tab
10543,rahmeni.bk,https://www.facebook.com/rahmeni.bk?fref=pb&hc_location=friends_tab
11182,100010993651293,https://www.facebook.com/profile.php?id=100010993651293&fref=pb&hc_location=friends_tab
11183,rayachimdi.hamdi,https://www.facebook.com/rayachimdi.hamdi?fref=pb&hc_location=friends_tab
11184,sami.mazhoud.37,https://www.facebook.com/sami.mazhoud.37?fref=pb&hc_location=friends_tab
11185,100010858667990,https://www.facebook.com/profile.php?id=100010858667990&fref=pb&hc_location=friends_tab
11186,marwen.hathroubi.1,https://www.facebook.com/marwen.hathroubi.1?fref=pb&hc_location=friends_tab
11187,wassim.totti.1,https://www.facebook.com/wassim.totti.1?fref=pb&hc_location=friends_tab
11188,ahmed.junoir.921,https://www.facebook.com/ahmed.junoir.921?fref=pb&hc_location=friends_tab
11189,100010588111079,https://www.facebook.com/profile.php?id=100010588111079&fref=pb&hc_location=friends_tab
11190,yahya.khalil.5074,https://www.facebook.com/yahya.khalil.5074?fref=pb&hc_location=friends_tab
11191,ahmed.belaidi.71,https://www.facebook.com/ahmed.belaidi.71?fref=pb&hc_location=friends_tab
11192,majdi.ghars.75,https://www.facebook.com/majdi.ghars.75?fref=pb&hc_location=friends_tab
11193,mohamed.merouni.3,https://www.facebook.com/mohamed.merouni.3?fref=pb&hc_location=friends_tab
11194,100010142281984,https://www.facebook.com/profile.php?id=100010142281984&fref=pb&hc_location=friends_tab
11195,akar.don.9,https://www.facebook.com/akar.don.9?fref=pb&hc_location=friends_tab
11196,100010117353310,https://www.facebook.com/profile.php?id=100010117353310&fref=pb&hc_location=friends_tab
11197,khaled.slimeni.5,https://www.facebook.com/khaled.slimeni.5?fref=pb&hc_location=friends_tab
11198,100009961868841,https://www.facebook.com/profile.php?id=100009961868841&fref=pb&hc_location=friends_tab
11199,100009896345569,https://www.facebook.com/profile.php?id=100009896345569&fref=pb&hc_location=friends_tab
11200,aymen.abdelaoui.39,https://www.facebook.com/aymen.abdelaoui.39?fref=pb&hc_location=friends_tab
11201,gaith.khlifi.10,https://www.facebook.com/gaith.khlifi.10?fref=pb&hc_location=friends_tab
11860,mabrouk.zoghlami.33,https://www.facebook.com/mabrouk.zoghlami.33?fref=pb&hc_location=friends_tab
11861,mabrouk.nevzi,https://www.facebook.com/mabrouk.nevzi?fref=pb&hc_location=friends_tab
11862,chokri.chamkhi.31,https://www.facebook.com/chokri.chamkhi.31?fref=pb&hc_location=friends_tab
11863,100009679684256,https://www.facebook.com/profile.php?id=100009679684256&fref=pb&hc_location=friends_tab
11864,majid.siai.9,https://www.facebook.com/majid.siai.9?fref=pb&hc_location=friends_tab
11865,montasser.briki,https://www.facebook.com/montasser.briki?fref=pb&hc_location=friends_tab
11866,mohamed.jmili.564,https://www.facebook.com/mohamed.jmili.564?fref=pb&hc_location=friends_tab
11867,100009479140719,https://www.facebook.com/profile.php?id=100009479140719&fref=pb&hc_location=friends_tab
11868,amir.ghraba,https://www.facebook.com/amir.ghraba?fref=pb&hc_location=friends_tab
11869,100009297851312,https://www.facebook.com/profile.php?id=100009297851312&fref=pb&hc_location=friends_tab
11870,100009283808738,https://www.facebook.com/profile.php?id=100009283808738&fref=pb&hc_location=friends_tab
11871,100009247697775,https://www.facebook.com/profile.php?id=100009247697775&fref=pb&hc_location=friends_tab
11872,maher.benmsallem.3,https://www.facebook.com/maher.benmsallem.3?fref=pb&hc_location=friends_tab
11873,100009210576729,https://www.facebook.com/profile.php?id=100009210576729&fref=pb&hc_location=friends_tab
11874,100009147206616,https://www.facebook.com/profile.php?id=100009147206616&fref=pb&hc_location=friends_tab
11875,zakariya.ayari.5,https://www.facebook.com/zakariya.ayari.5?fref=pb&hc_location=friends_tab
11876,100009135665189,https://www.facebook.com/profile.php?id=100009135665189&fref=pb&hc_location=friends_tab
11877,100009115726264,https://www.facebook.com/profile.php?id=100009115726264&fref=pb&hc_location=friends_tab
11878,benahmed.chamsedine,https://www.facebook.com/benahmed.chamsedine?fref=pb&hc_location=friends_tab
11879,abdelaziz.kraim.7,https://www.facebook.com/abdelaziz.kraim.7?fref=pb&hc_location=friends_tab
12558,100009043422778,https://www.facebook.com/profile.php?id=100009043422778&fref=pb&hc_location=friends_tab
12559,100009015951216,https://www.facebook.com/profile.php?id=100009015951216&fref=pb&hc_location=friends_tab
12560,100009009836413,https://www.facebook.com/profile.php?id=100009009836413&fref=pb&hc_location=friends_tab
12561,100008970695860,https://www.facebook.com/profile.php?id=100008970695860&fref=pb&hc_location=friends_tab
12562,100008869809228,https://www.facebook.com/profile.php?id=100008869809228&fref=pb&hc_location=friends_tab
12563,100008818931965,https://www.facebook.com/profile.php?id=100008818931965&fref=pb&hc_location=friends_tab
12564,100008755813408,https://www.facebook.com/profile.php?id=100008755813408&fref=pb&hc_location=friends_tab
12565,100008663349850,https://www.facebook.com/profile.php?id=100008663349850&fref=pb&hc_location=friends_tab
12566,100008629548027,https://www.facebook.com/profile.php?id=100008629548027&fref=pb&hc_location=friends_tab
12567,zied.jawadi.39,https://www.facebook.com/zied.jawadi.39?fref=pb&hc_location=friends_tab
12568,100008485893764,https://www.facebook.com/profile.php?id=100008485893764&fref=pb&hc_location=friends_tab
12569,100008389658098,https://www.facebook.com/profile.php?id=100008389658098&fref=pb&hc_location=friends_tab
12570,slimi.lazhar,https://www.facebook.com/slimi.lazhar?fref=pb&hc_location=friends_tab
12571,100008287279342,https://www.facebook.com/profile.php?id=100008287279342&fref=pb&hc_location=friends_tab
12572,ali.sayari.779,https://www.facebook.com/ali.sayari.779?fref=pb&hc_location=friends_tab
12573,mahjoub.chawachi.7,https://www.facebook.com/mahjoub.chawachi.7?fref=pb&hc_location=friends_tab
12574,moncef.riahi.7545,https://www.facebook.com/moncef.riahi.7545?fref=pb&hc_location=friends_tab
12575,100007944697531,https://www.facebook.com/profile.php?id=100007944697531&fref=pb&hc_location=friends_tab
12576,atef.selmi.372,https://www.facebook.com/atef.selmi.372?fref=pb&hc_location=friends_tab
12577,sadok.antar.9,https://www.facebook.com/sadok.antar.9?fref=pb&hc_location=friends_tab
13276,naceur.sahbani.52,https://www.facebook.com/naceur.sahbani.52?fref=pb&hc_location=friends_tab
13277,100007836167123,https://www.facebook.com/profile.php?id=100007836167123&fref=pb&hc_location=friends_tab
13278,abdelaziz.hedhli.5,https://www.facebook.com/abdelaziz.hedhli.5?fref=pb&hc_location=friends_tab
13279,lamyouta.lamya.18,https://www.facebook.com/lamyouta.lamya.18?fref=pb&hc_location=friends_tab
13280,abdghani.snaibi,https://www.facebook.com/abdghani.snaibi?fref=pb&hc_location=friends_tab
13281,majed.hachani,https://www.facebook.com/majed.hachani?fref=pb&hc_location=friends_tab
13282,salah.benfredj.52,https://www.facebook.com/salah.benfredj.52?fref=pb&hc_location=friends_tab
13283,mahjoub.benrebah,https://www.facebook.com/mahjoub.benrebah?fref=pb&hc_location=friends_tab
13284,fareswadhif,https://www.facebook.com/fareswadhif?fref=pb&hc_location=friends_tab
13285,anis.mejri.9615,https://www.facebook.com/anis.mejri.9615?fref=pb&hc_location=friends_tab
13286,mouz.chabchob.1,https://www.facebook.com/mouz.chabchob.1?fref=pb&hc_location=friends_tab
13287,best.mayssa,https://www.facebook.com/best.mayssa?fref=pb&hc_location=friends_tab
13288,naim.riehi.9,https://www.facebook.com/naim.riehi.9?fref=pb&hc_location=friends_tab
13289,100007303633316,https://www.facebook.com/profile.php?id=100007303633316&fref=pb&hc_location=friends_tab
13290,med.bilhedi.1,https://www.facebook.com/med.bilhedi.1?fref=pb&hc_location=friends_tab
13291,ali.jlassi.399,https://www.facebook.com/ali.jlassi.399?fref=pb&hc_location=friends_tab
13292,ilyes.adjmi,https://www.facebook.com/ilyes.adjmi?fref=pb&hc_location=friends_tab
13293,yassine.harrathi.71,https://www.facebook.com/yassine.harrathi.71?fref=pb&hc_location=friends_tab
13294,selmi.saleh.92,https://www.facebook.com/selmi.saleh.92?fref=pb&hc_location=friends_tab
13295,adel.bourbiaa.9,https://www.facebook.com/adel.bourbiaa.9?fref=pb&hc_location=friends_tab
14014,yassine.laagab.5,https://www.facebook.com/yassine.laagab.5?fref=pb&hc_location=friends_tab
14015,jacques.luwa,https://www.facebook.com/jacques.luwa?fref=pb&hc_location=friends_tab
14016,jalel.bougattaya,https://www.facebook.com/jalel.bougattaya?fref=pb&hc_location=friends_tab
14017,borhen.hajri.1,https://www.facebook.com/borhen.hajri.1?fref=pb&hc_location=friends_tab
14018,yahyaoui.hassen.376,https://www.facebook.com/yahyaoui.hassen.376?fref=pb&hc_location=friends_tab
14019,rama.zotti.353,https://www.facebook.com/rama.zotti.353?fref=pb&hc_location=friends_tab
14020,hamza.dayfi.3,https://www.facebook.com/hamza.dayfi.3?fref=pb&hc_location=friends_tab
14021,abdou.mjid.963,https://www.facebook.com/abdou.mjid.963?fref=pb&hc_location=friends_tab
14022,saif.hamdi.334,https://www.facebook.com/saif.hamdi.334?fref=pb&hc_location=friends_tab
14023,abdeljelil.mahouachi,https://www.facebook.com/abdeljelil.mahouachi?fref=pb&hc_location=friends_tab
14024,mahdi.gattoussi,https://www.facebook.com/mahdi.gattoussi?fref=pb&hc_location=friends_tab
14025,gayt.mansour,https://www.facebook.com/gayt.mansour?fref=pb&hc_location=friends_tab
14026,ala.nouira.92,https://www.facebook.com/ala.nouira.92?fref=pb&hc_location=friends_tab
14027,100006477905276,https://www.facebook.com/profile.php?id=100006477905276&fref=pb&hc_location=friends_tab
14028,100006346009456,https://www.facebook.com/profile.php?id=100006346009456&fref=pb&hc_location=friends_tab
14029,abdallah.amira.5,https://www.facebook.com/abdallah.amira.5?fref=pb&hc_location=friends_tab
14030,100006316712219,https://www.facebook.com/profile.php?id=100006316712219&fref=pb&hc_location=friends_tab
14031,majed.hkiri,https://www.facebook.com/majed.hkiri?fref=pb&hc_location=friends_tab
14032,bilel.amal.3,https://www.facebook.com/bilel.amal.3?fref=pb&hc_location=friends_tab
14033,100006143925375,https://www.facebook.com/profile.php?id=100006143925375&fref=pb&hc_location=friends_tab
14772,baset.bouhala.7,https://www.facebook.com/baset.bouhala.7?fref=pb&hc_location=friends_tab
14773,100005710839358,https://www.facebook.com/profile.php?id=100005710839358&fref=pb&hc_location=friends_tab
14774,100005692726354,https://www.facebook.com/profile.php?id=100005692726354&fref=pb&hc_location=friends_tab
14775,sa.mouha.12,https://www.facebook.com/sa.mouha.12?fref=pb&hc_location=friends_tab
14776,kais.romdhani.96,https://www.facebook.com/kais.romdhani.96?fref=pb&hc_location=friends_tab
14777,abderahmen.salhi.9,https://www.facebook.com/abderahmen.salhi.9?fref=pb&hc_location=friends_tab
14778,khaled.benyahya.520,https://www.facebook.com/khaled.benyahya.520?fref=pb&hc_location=friends_tab
14779,makrem.mejri.14,https://www.facebook.com/makrem.mejri.14?fref=pb&hc_location=friends_tab
14780,noureddine.slama.75,https://www.facebook.com/noureddine.slama.75?fref=pb&hc_location=friends_tab
14781,ahmed.louzir.505,https://www.facebook.com/ahmed.louzir.505?fref=pb&hc_location=friends_tab
14782,amoureu.delle.75,https://www.facebook.com/amoureu.delle.75?fref=pb&hc_location=friends_tab
14783,hassanetahmed,https://www.facebook.com/hassanetahmed?fref=pb&hc_location=friends_tab
14784,100004973386557,https://www.facebook.com/profile.php?id=100004973386557&fref=pb&hc_location=friends_tab
14785,basset.hamdi.7,https://www.facebook.com/basset.hamdi.7?fref=pb&hc_location=friends_tab
14786,islam.perle,https://www.facebook.com/islam.perle?fref=pb&hc_location=friends_tab
14787,ammari.hechmi,https://www.facebook.com/ammari.hechmi?fref=pb&hc_location=friends_tab
14788,yousefsqr.sqr,https://www.facebook.com/yousefsqr.sqr?fref=pb&hc_location=friends_tab
14789,imed.zhani.94,https://www.facebook.com/imed.zhani.94?fref=pb&hc_location=friends_tab
14790,ndvnjhdjfgs,https://www.facebook.com/ndvnjhdjfgs?fref=pb&hc_location=friends_tab
14791,spankis.lotfi,https://www.facebook.com/spankis.lotfi?fref=pb&hc_location=friends_tab
15550,fathi.jebali.731,https://www.facebook.com/fathi.jebali.731?fref=pb&hc_location=friends_tab
15551,mongi.belghith.5,https://www.facebook.com/mongi.belghith.5?fref=pb&hc_location=friends_tab
15552,firas.jmili.75,https://www.facebook.com/firas.jmili.75?fref=pb&hc_location=friends_tab
15553,hassen.saidani.75,https://www.facebook.com/hassen.saidani.75?fref=pb&hc_location=friends_tab
15554,aymen.jbahi,https://www.facebook.com/aymen.jbahi?fref=pb&hc_location=friends_tab
15555,farid.hacheni5,https://www.facebook.com/farid.hacheni5?fref=pb&hc_location=friends_tab
15556,meher.sousi,https://www.facebook.com/meher.sousi?fref=pb&hc_location=friends_tab
15557,mahrane.sbaa,https://www.facebook.com/mahrane.sbaa?fref=pb&hc_location=friends_tab
15558,naceur.maalaoui.9,https://www.facebook.com/naceur.maalaoui.9?fref=pb&hc_location=friends_tab
15559,houcine.haddaoui.1,https://www.facebook.com/houcine.haddaoui.1?fref=pb&hc_location=friends_tab
15560,aroua.dhaouadi,https://www.facebook.com/aroua.dhaouadi?fref=pb&hc_location=friends_tab
15561,meher.lassoued.96,https://www.facebook.com/meher.lassoued.96?fref=pb&hc_location=friends_tab
15562,ramzi.aouissaoui.9,https://www.facebook.com/ramzi.aouissaoui.9?fref=pb&hc_location=friends_tab
15563,totti.bilel.3,https://www.facebook.com/totti.bilel.3?fref=pb&hc_location=friends_tab
15564,gharssalli.oumaima,https://www.facebook.com/gharssalli.oumaima?fref=pb&hc_location=friends_tab
15565,mootez.benslimane.3,https://www.facebook.com/mootez.benslimane.3?fref=pb&hc_location=friends_tab
15566,abdelhamid.ouledali.1,https://www.facebook.com/abdelhamid.ouledali.1?fref=pb&hc_location=friends_tab
15567,nino.mimou,https://www.facebook.com/nino.mimou?fref=pb&hc_location=friends_tab
15568,wissem.bensaid.3,https://www.facebook.com/wissem.bensaid.3?fref=pb&hc_location=friends_tab
15569,adel.jlassi.353,https://www.facebook.com/adel.jlassi.353?fref=pb&hc_location=friends_tab
16348,ismail.lajdal,https://www.facebook.com/ismail.lajdal?fref=pb&hc_location=friends_tab
16349,kawther.benslama.543,https://www.facebook.com/kawther.benslama.543?fref=pb&hc_location=friends_tab
16350,mohamed.saidani.77,https://www.facebook.com/mohamed.saidani.77?fref=pb&hc_location=friends_tab
16351,aymen.benammar.16,https://www.facebook.com/aymen.benammar.16?fref=pb&hc_location=friends_tab
16352,yakoubi.aymen.3,https://www.facebook.com/yakoubi.aymen.3?fref=pb&hc_location=friends_tab
16353,bechir.dridi.5,https://www.facebook.com/bechir.dridi.5?fref=pb&hc_location=friends_tab
16354,mosbah.sfifir,https://www.facebook.com/mosbah.sfifir?fref=pb&hc_location=friends_tab
16355,rami.benhaoula1,https://www.facebook.com/rami.benhaoula1?fref=pb&hc_location=friends_tab
16356,lazher.naiimi,https://www.facebook.com/lazher.naiimi?fref=pb&hc_location=friends_tab
16357,haithem.abdelaoui.7,https://www.facebook.com/haithem.abdelaoui.7?fref=pb&hc_location=friends_tab
16358,moktar.amr,https://www.facebook.com/moktar.amr?fref=pb&hc_location=friends_tab
16359,walid.issaoui.50,https://www.facebook.com/walid.issaoui.50?fref=pb&hc_location=friends_tab
16360,achref.hacheni.5,https://www.facebook.com/achref.hacheni.5?fref=pb&hc_location=friends_tab
16361,youssef.mejri.37,https://www.facebook.com/youssef.mejri.37?fref=pb&hc_location=friends_tab
16362,slim.dhaoidi.1,https://www.facebook.com/slim.dhaoidi.1?fref=pb&hc_location=friends_tab
16363,aliu.romdani,https://www.facebook.com/aliu.romdani?fref=pb&hc_location=friends_tab
16364,achraf.mrad1,https://www.facebook.com/achraf.mrad1?fref=pb&hc_location=friends_tab
16365,hamdi.bouzidi.9,https://www.facebook.com/hamdi.bouzidi.9?fref=pb&hc_location=friends_tab
16366,hani.hachani,https://www.facebook.com/hani.hachani?fref=pb&hc_location=friends_tab
16367,monastir.mahaba,https://www.facebook.com/monastir.mahaba?fref=pb&hc_location=friends_tab
17166,bouazizi.jacob,https://www.facebook.com/bouazizi.jacob?fref=pb&hc_location=friends_tab
17167,fahmi.fk.9,https://www.facebook.com/fahmi.fk.9?fref=pb&hc_location=friends_tab
17168,saadaoui.1994,https://www.facebook.com/saadaoui.1994?fref=pb&hc_location=friends_tab
17169,boujema.mounir,https://www.facebook.com/boujema.mounir?fref=pb&hc_location=friends_tab
17170,ali.elhajri.9,https://www.facebook.com/ali.elhajri.9?fref=pb&hc_location=friends_tab
17171,bayron.gaasifana,https://www.facebook.com/bayron.gaasifana?fref=pb&hc_location=friends_tab
17172,mouhamed.mimoun.1,https://www.facebook.com/mouhamed.mimoun.1?fref=pb&hc_location=friends_tab
17173,mohamed.moujahed.9,https://www.facebook.com/mohamed.moujahed.9?fref=pb&hc_location=friends_tab
17174,bessam.gennoun,https://www.facebook.com/bessam.gennoun?fref=pb&hc_location=friends_tab
17175,mohamed.sliti.1297,https://www.facebook.com/mohamed.sliti.1297?fref=pb&hc_location=friends_tab
17176,kalifa.belgacem,https://www.facebook.com/kalifa.belgacem?fref=pb&hc_location=friends_tab
17177,yassine.khlifi.963,https://www.facebook.com/yassine.khlifi.963?fref=pb&hc_location=friends_tab
17178,DALIWAS,https://www.facebook.com/DALIWAS?fref=pb&hc_location=friends_tab
17179,sami.mejri.984,https://www.facebook.com/sami.mejri.984?fref=pb&hc_location=friends_tab
17180,mohamed.baazaoui.39,https://www.facebook.com/mohamed.baazaoui.39?fref=pb&hc_location=friends_tab
17181,moumenwalid,https://www.facebook.com/moumenwalid?fref=pb&hc_location=friends_tab
17182,hmwdh.alhwry,https://www.facebook.com/hmwdh.alhwry?fref=pb&hc_location=friends_tab
17183,amine.pafou,https://www.facebook.com/amine.pafou?fref=pb&hc_location=friends_tab
17184,AlwatanTuniss,https://www.facebook.com/AlwatanTuniss?fref=pb&hc_location=friends_tab
17185,hichem.hadjsghaier,https://www.facebook.com/hichem.hadjsghaier?fref=pb&hc_location=friends_tab
18004,sahbi.kheder.9,https://www.facebook.com/sahbi.kheder.9?fref=pb&hc_location=friends_tab
18005,ali.omri.902,https://www.facebook.com/ali.omri.902?fref=pb&hc_location=friends_tab
18006,bilel.hacheni,https://www.facebook.com/bilel.hacheni?fref=pb&hc_location=friends_tab
18007,dadou.bizerte.12,https://www.facebook.com/dadou.bizerte.12?fref=pb&hc_location=friends_tab
18008,gaith.bargougui,https://www.facebook.com/gaith.bargougui?fref=pb&hc_location=friends_tab
18009,amir.derbali,https://www.facebook.com/amir.derbali?fref=pb&hc_location=friends_tab
18010,nidhal.mihoub1,https://www.facebook.com/nidhal.mihoub1?fref=pb&hc_location=friends_tab
18011,jaghali.wlidha,https://www.facebook.com/jaghali.wlidha?fref=pb&hc_location=friends_tab
18012,MAROUENBENGHARBIA01,https://www.facebook.com/MAROUENBENGHARBIA01?fref=pb&hc_location=friends_tab
18013,abssi.sahli,https://www.facebook.com/abssi.sahli?fref=pb&hc_location=friends_tab
18014,boughattas.atef,https://www.facebook.com/boughattas.atef?fref=pb&hc_location=friends_tab
18015,naila.helal,https://www.facebook.com/naila.helal?fref=pb&hc_location=friends_tab
18016,walido2,https://www.facebook.com/walido2?fref=pb&hc_location=friends_tab
18017,sehil.mohamed,https://www.facebook.com/sehil.mohamed?fref=pb&hc_location=friends_tab
18018,monaam.boudhrioia,https://www.facebook.com/monaam.boudhrioia?fref=pb&hc_location=friends_tab
18019,anis.mosLim1,https://www.facebook.com/anis.mosLim1?fref=pb&hc_location=friends_tab
18020,kais.zouaoui.31,https://www.facebook.com/kais.zouaoui.31?fref=pb&hc_location=friends_tab
18021,jamil.miraoui,https://www.facebook.com/jamil.miraoui?fref=pb&hc_location=friends_tab
18022,chebbi.hafedh,https://www.facebook.com/chebbi.hafedh?fref=pb&hc_location=friends_tab
18023,mehdi.abaidi,https://www.facebook.com/mehdi.abaidi?fref=pb&hc_location=friends_tab
18862,mohamedamine.najjar.5,https://www.facebook.com/mohamedamine.najjar.5?fref=pb&hc_location=friends_tab
18863,arafotta.amamou,https://www.facebook.com/arafotta.amamou?fref=pb&hc_location=friends_tab
18864,abderrahmen.berberi.9,https://www.facebook.com/abderrahmen.berberi.9?fref=pb&hc_location=friends_tab
18865,ahmed.zouaoui.771,https://www.facebook.com/ahmed.zouaoui.771?fref=pb&hc_location=friends_tab
18866,mohsen.hichri,https://www.facebook.com/mohsen.hichri?fref=pb&hc_location=friends_tab
18867,ahmed.hanchi1992,https://www.facebook.com/ahmed.hanchi1992?fref=pb&hc_location=friends_tab
18868,ezzedine.issaoui,https://www.facebook.com/ezzedine.issaoui?fref=pb&hc_location=friends_tab
18869,sousou.bizerte.923,https://www.facebook.com/sousou.bizerte.923?fref=pb&hc_location=friends_tab
18870,boujemaamhamed1998,https://www.facebook.com/boujemaamhamed1998?fref=pb&hc_location=friends_tab
18871,makrem.matio,https://www.facebook.com/makrem.matio?fref=pb&hc_location=friends_tab
18872,ridha.khlifi2,https://www.facebook.com/ridha.khlifi2?fref=pb&hc_location=friends_tab
18873,massi.arssi,https://www.facebook.com/massi.arssi?fref=pb&hc_location=friends_tab
18874,makrem.mechrgi,https://www.facebook.com/makrem.mechrgi?fref=pb&hc_location=friends_tab
18875,jamel.hammamikhlifi,https://www.facebook.com/jamel.hammamikhlifi?fref=pb&hc_location=friends_tab
18876,sahbi.braiki,https://www.facebook.com/sahbi.braiki?fref=pb&hc_location=friends_tab
18877,mouhamed.sassi.50,https://www.facebook.com/mouhamed.sassi.50?fref=pb&hc_location=friends_tab
18878,ale.bacouche,https://www.facebook.com/ale.bacouche?fref=pb&hc_location=friends_tab
18879,iheb.benfradj,https://www.facebook.com/iheb.benfradj?fref=pb&hc_location=friends_tab
18880,lasaad.laarayedh,https://www.facebook.com/lasaad.laarayedh?fref=pb&hc_location=friends_tab
18881,aboelrbi,https://www.facebook.com/aboelrbi?fref=pb&hc_location=friends_tab
19740,adel.sidaoui.9,https://www.facebook.com/adel.sidaoui.9?fref=pb&hc_location=friends_tab
19741,hakimpazzo,https://www.facebook.com/hakimpazzo?fref=pb&hc_location=friends_tab
19742,looooool.derbali,https://www.facebook.com/looooool.derbali?fref=pb&hc_location=friends_tab
19743,achraf.ghali.1,https://www.facebook.com/achraf.ghali.1?fref=pb&hc_location=friends_tab
19744,amine.alrawabi,https://www.facebook.com/amine.alrawabi?fref=pb&hc_location=friends_tab
19745,adim.moez,https://www.facebook.com/adim.moez?fref=pb&hc_location=friends_tab
19746,nklmpo78,https://www.facebook.com/nklmpo78?fref=pb&hc_location=friends_tab
19747,fezai.nizar,https://www.facebook.com/fezai.nizar?fref=pb&hc_location=friends_tab
19748,sofien.mzoughi,https://www.facebook.com/sofien.mzoughi?fref=pb&hc_location=friends_tab
19749,anouar.abedelkaader,https://www.facebook.com/anouar.abedelkaader?fref=pb&hc_location=friends_tab
19750,jamel.mastouri.1,https://www.facebook.com/jamel.mastouri.1?fref=pb&hc_location=friends_tab
19751,mourad.dridi.56,https://www.facebook.com/mourad.dridi.56?fref=pb&hc_location=friends_tab
19752,abdelmajid.abdessatar,https://www.facebook.com/abdelmajid.abdessatar?fref=pb&hc_location=friends_tab
19753,med.bejaoui.18,https://www.facebook.com/med.bejaoui.18?fref=pb&hc_location=friends_tab
19754,saifsos13,https://www.facebook.com/saifsos13?fref=pb&hc_location=friends_tab
19755,hassen385,https://www.facebook.com/hassen385?fref=pb&hc_location=friends_tab
19756,aref.mrad,https://www.facebook.com/aref.mrad?fref=pb&hc_location=friends_tab
19757,ahmed.benayed.94,https://www.facebook.com/ahmed.benayed.94?fref=pb&hc_location=friends_tab
19758,fadhel.kadri,https://www.facebook.com/fadhel.kadri?fref=pb&hc_location=friends_tab
19759,wchakroun,https://www.facebook.com/wchakroun?fref=pb&hc_location=friends_tab
20638,hadraoui,https://www.facebook.com/hadraoui?fref=pb&hc_location=friends_tab
20639,bmanoubi,https://www.facebook.com/bmanoubi?fref=pb&hc_location=friends_tab
20640,abid.herchi,https://www.facebook.com/abid.herchi?fref=pb&hc_location=friends_tab
20641,mahdi.kchaou,https://www.facebook.com/mahdi.kchaou?fref=pb&hc_location=friends_tab
20642,thebetazri,https://www.facebook.com/thebetazri?fref=pb&hc_location=friends_tab
20643,abdelmalek.tagourti1,https://www.facebook.com/abdelmalek.tagourti1?fref=pb&hc_location=friends_tab
20644,touhami.abdallah,https://www.facebook.com/touhami.abdallah?fref=pb&hc_location=friends_tab
20645,wajdi.mefteh,https://www.facebook.com/wajdi.mefteh?fref=pb&hc_location=friends_tab
20646,doggui.mohamad,https://www.facebook.com/doggui.mohamad?fref=pb&hc_location=friends_tab
20647,hamdi.rekik.54,https://www.facebook.com/hamdi.rekik.54?fref=pb&hc_location=friends_tab
20648,gammoudi1,https://www.facebook.com/gammoudi1?fref=pb&hc_location=friends_tab
20649,3ABDOSS,https://www.facebook.com/3ABDOSS?fref=pb&hc_location=friends_tab
20650,1101927427,https://www.facebook.com/profile.php?id=1101927427&fref=pb&hc_location=friends_tab
20651,momo298,https://www.facebook.com/momo298?fref=pb&hc_location=friends_tab
